rank_by_abs_component_1,matrix_index,action_key,node_type,name,synthetic,source,coproduct,is_original_recipe,component_1,absolute_share_1
1,433,entity-operate: boiler,entity-operate,boiler,False,,False,False,0.98958061761838556,0.84095351006775432
2,436,entity-operate: burner-mining-drill,entity-operate,burner-mining-drill,False,,False,False,0.13368194766880304,0.11360398650019506
3,488,entity-operate: stone-furnace,entity-operate,stone-furnace,False,,False,False,0.053472779067521223,0.045441594600078031
4,279,__pr_graph_lp_or_to_or_and__: 772:item: wood --> energy-source-burner: chemical__biomass_2_1,,,True,item: wood --> energy-source-burner: chemical__biomass_2_1,False,False,-2.6736389533758707e-07,2.2720797300037398e-07
5,280,__pr_graph_lp_or_to_or_and__: 773:item: log --> energy-source-burner: chemical__biomass_2_1,,,True,item: log --> energy-source-burner: chemical__biomass_2_1,False,False,-2.6736389533758707e-07,2.2720797300037398e-07
6,277,__pr_graph_lp_or_to_or_and__: 770:item: raw-coal --> energy-source-burner: chemical__biomass_2_1,,,True,item: raw-coal --> energy-source-burner: chemical__biomass_2_1,False,False,-2.6736389533758702e-07,2.2720797300037393e-07
7,278,__pr_graph_lp_or_to_or_and__: 771:item: kerogen --> energy-source-burner: chemical__biomass_2_1,,,True,item: kerogen --> energy-source-burner: chemical__biomass_2_1,False,False,-2.6736389533758702e-07,2.2720797300037393e-07
8,221,__pr_graph_lp_or_to_or_and__: 289:fluid: water --> entity-operate-fluid: boiler,,,True,fluid: water --> entity-operate-fluid: boiler,False,False,-7.0738639104499352e-14,6.0114260317177417e-14
9,345,__pr_graph_lp_or_to_or_and__: 910:entity-operate: burner-mining-drill --> resource-category: basic-solid__0__0:noncoproduct-route,,,True,entity-operate: burner-mining-drill --> resource-category: basic-solid__0__0,False,False,-9.5560471603176988e-15,8.1208051762197939e-15
10,337,__pr_graph_lp_or_to_or_and__: 900:entity-operate: boiler --> fluid-create-temperature: steam: 250:noncoproduct-route,,,True,entity-operate: boiler --> fluid-create-temperature: steam: 250,False,False,-9.431818547231748e-15,8.0152347089273888e-15
11,342,__pr_graph_lp_or_to_or_and__: 906:entity-operate: stone-furnace --> recipe-category: smelting__0__0:noncoproduct-route,,,True,entity-operate: stone-furnace --> recipe-category: smelting__0__0,False,False,-3.8224188641347763e-15,3.2483220704944579e-15
12,519,item-burn: raw-coal,item-burn,raw-coal,False,,False,False,-5.4340958085088388e-16,4.6179380061102322e-16
13,518,item-burn: kerogen,item-burn,kerogen,False,,False,False,-2.9225382056013534e-16,2.4835963018581986e-16
14,513,entity-operate: wpu-mk01,entity-operate,wpu-mk01,False,,False,False,-1.1469082782230245e-16,9.7465181221784826e-17
15,484,entity-operate: soil-extractor-mk01,entity-operate,soil-extractor-mk01,False,,False,False,-1.0573546350114271e-16,8.9854841118378483e-17
16,82,__pr_graph_lp_or_cost_row__: entity: boiler,,,True,node-cost:entity: boiler,False,False,-3.9299243945638921e-17,3.3396811286211648e-17
17,381,entity-mine: boiler,entity-mine,boiler,False,,True,False,3.929924394533553e-17,3.3396811285953826e-17
18,453,entity-operate: lab,entity-operate,lab,False,,False,False,-2.4373584296528253e-17,2.0712866543837323e-17
19,448,entity-operate: flora-collector-mk01,entity-operate,flora-collector-mk01,False,,False,False,-1.7059368486558733e-17,1.4497187548840147e-17
20,383,entity-mine: burner-mining-drill,entity-mine,burner-mining-drill,False,,True,False,5.3089150888529235e-18,4.5115584310526642e-18
21,85,__pr_graph_lp_or_cost_row__: entity: burner-mining-drill,,,True,node-cost:entity: burner-mining-drill,False,False,-5.3089150886073574e-18,4.5115584308439804e-18
22,137,__pr_graph_lp_or_cost_row__: entity: stone-furnace,,,True,node-cost:entity: stone-furnace,False,False,-2.1235660362327697e-18,1.8046233730087929e-18
23,405,entity-mine: stone-furnace,entity-mine,stone-furnace,False,,True,False,2.1235660346823306e-18,1.8046233716912177e-18
24,522,logic-and: smart-farm-yotoi-tree-recipe-yotoi-super-1,logic-and,smart-farm-yotoi-tree-recipe-yotoi-super-1,False,,False,False,5.7644933748316904e-20,4.8987124960004469e-20
25,344,__pr_graph_lp_or_to_or_and__: 909:entity-operate: burner-mining-drill --> fuel-category-burn: biomass:noncoproduct-route,,,True,entity-operate: burner-mining-drill --> fuel-category-burn: biomass,False,False,-1.911209492970916e-20,1.6241610870035332e-20
26,341,__pr_graph_lp_or_to_or_and__: 905:entity-operate: stone-furnace --> fuel-category-burn: biomass:noncoproduct-route,,,True,entity-operate: stone-furnace --> fuel-category-burn: biomass,False,False,-1.91120946958114e-20,1.6241610671267147e-20
27,339,__pr_graph_lp_or_to_or_and__: 902:entity-operate: boiler --> fuel-category-burn: biomass:noncoproduct-route,,,True,entity-operate: boiler --> fuel-category-burn: biomass,False,False,-1.9112094668324816e-20,1.6241610647908831e-20
28,340,__pr_graph_lp_or_to_or_and__: 904:entity-operate: stone-furnace --> fuel-category-burn: chemical:noncoproduct-route,,,True,entity-operate: stone-furnace --> fuel-category-burn: chemical,False,False,-1.8955807067707985e-20,1.6108796197040639e-20
29,343,__pr_graph_lp_or_to_or_and__: 908:entity-operate: burner-mining-drill --> fuel-category-burn: chemical:noncoproduct-route,,,True,entity-operate: burner-mining-drill --> fuel-category-burn: chemical,False,False,-1.8951547614613508e-20,1.6105176479791739e-20
30,338,__pr_graph_lp_or_to_or_and__: 901:entity-operate: boiler --> fuel-category-burn: chemical:noncoproduct-route,,,True,entity-operate: boiler --> fuel-category-burn: chemical,False,False,-1.8922243148319369e-20,1.6080273310356159e-20
31,546,recipe: soil,recipe,soil,False,,True,True,9.7021889828508027e-21,8.2449976638643986e-21
32,361,energy-source-electric: ,energy-source-electric,,False,,False,False,-3.2297161918750904e-23,2.7446386072280688e-23
33,327,__pr_graph_lp_or_to_or_and__: 886:fluid-temperature: water: 15 --> fluid-temperature-range: water: nil: nil:noncoproduct-route,,,True,fluid-temperature: water: 15 --> fluid-temperature-range: water: nil: nil,False,False,-9.1776188999641852e-24,7.7992138190456525e-24
34,229,__pr_graph_lp_or_to_or_and__: 320:fluid: steam --> entity-operate-fluid: steam-turbine,,,True,fluid: steam --> entity-operate-fluid: steam-turbine,False,False,3.7161624317613408e-24,3.1580245058687768e-24
35,223,__pr_graph_lp_or_to_or_and__: 292:fluid: water --> entity-operate-fluid: oil-boiler-mk01,,,True,fluid: water --> entity-operate-fluid: oil-boiler-mk01,False,False,-1.6187843203150373e-24,1.3756558404386056e-24
36,554,recipe: wpu-mk01,recipe,wpu-mk01,False,,True,True,-1.5532487379182819e-24,1.319963179254998e-24
37,222,__pr_graph_lp_or_to_or_and__: 291:fluid: water --> entity-operate-fluid: heat-exchanger,,,True,fluid: water --> entity-operate-fluid: heat-exchanger,False,False,-8.9389240877043155e-25,7.5963690617503863e-25
38,547,recipe: soil-extractor-mk01,recipe,soil-extractor-mk01,False,,True,True,7.5054268213334481e-25,6.3781716391610182e-25
39,228,__pr_graph_lp_or_to_or_and__: 318:fluid: steam --> entity-operate-fluid: steam-engine,,,True,fluid: steam --> entity-operate-fluid: steam-engine,False,False,5.6592556190451001e-25,4.8092806108717969e-25
40,538,recipe: log-wood,recipe,log-wood,False,,True,True,-3.7995769748456671e-25,3.2289108505976036e-25
41,198,__pr_graph_lp_or_cost_row__: item: stone,,,True,node-cost:item: stone,False,False,-3.5014145344078366e-25,2.9755300280628851e-25
42,533,recipe: inductor1-2,recipe,inductor1-2,False,,True,True,-2.642375551363133e-25,2.2455118413535502e-25
43,524,recipe: automation-science-pack,recipe,automation-science-pack,False,,True,True,-2.5976030963503471e-25,2.2074638516021254e-25
44,532,recipe: flora-collector-mk01,recipe,flora-collector-mk01,False,,True,True,1.9198781432115457e-25,1.631527775192063e-25
45,549,recipe: stone-brick,recipe,stone-brick,False,,True,True,1.233197685809725e-25,1.0479812397548844e-25
46,550,recipe: stone-furnace,recipe,stone-furnace,False,,True,True,1.0150452729857095e-25,8.6259357751911071e-26
47,379,entity-mine: big-rock,entity-mine,big-rock,False,,True,False,-9.9107496707159781e-26,8.422234201645902e-26
48,530,recipe: copper-plate,recipe,copper-plate,False,,True,True,8.6817018817105511e-26,7.3777795773297805e-26
49,380,entity-mine: big-sand-rock,entity-mine,big-sand-rock,False,,True,False,-7.9098750289245517e-26,6.721874955251545e-26
50,527,recipe: burner-inserter,recipe,burner-inserter,False,,True,True,7.9033766454670501e-26,6.7163525771036136e-26
51,545,recipe: small-parts-01,recipe,small-parts-01,False,,True,True,-7.174562808961481e-26,6.0970007596939705e-26
52,552,recipe: underground-belt,recipe,underground-belt,False,,True,True,6.9283220615236511e-26,5.8877434064346464e-26
53,544,recipe: small-electric-pole,recipe,small-electric-pole,False,,True,True,-5.7956280686571493e-26,4.9251710074054279e-26
54,534,recipe: iron-gear-wheel,recipe,iron-gear-wheel,False,,True,True,5.7299312932169051e-26,4.8693413630864325e-26
55,392,entity-mine: huge-rock,entity-mine,huge-rock,False,,True,False,-5.276739804092982e-26,4.4842156171630569e-26
56,537,recipe: lab,recipe,lab,False,,True,True,-4.5298965329034325e-26,3.8495422422045992e-26
57,326,__pr_graph_lp_or_to_or_and__: 885:fluid-temperature: water: 15 --> fluid: water:noncoproduct-route,,,True,fluid-temperature: water: 15 --> fluid: water,False,False,3.1820025333033772e-26,2.704091159208498e-26
58,332,__pr_graph_lp_or_to_or_and__: 894:fluid-temperature: steam: 250 --> fluid: steam:noncoproduct-route,,,True,fluid-temperature: steam: 250 --> fluid: steam,False,False,-3.1386758773160845e-26,2.6672718210127871e-26
59,535,recipe: iron-plate,recipe,iron-plate,False,,True,True,3.0628070371189604e-26,2.6027978748454768e-26
60,539,recipe: offshore-pump,recipe,offshore-pump,False,,True,True,-2.3018380658060989e-26,1.9561203671368726e-26
61,170,__pr_graph_lp_or_cost_row__: item: copper-cable,,,True,node-cost:item: copper-cable,False,False,2.1669229214982116e-26,1.8414684002864383e-26
62,179,__pr_graph_lp_or_cost_row__: item: iron-plate,,,True,node-cost:item: iron-plate,False,False,-1.888096227354415e-26,1.604519249336882e-26
63,553,recipe: wooden-chest,recipe,wooden-chest,False,,True,True,-1.7366557241781751e-26,1.4758239005749098e-26
64,390,entity-mine: fish,entity-mine,fish,False,,True,False,-1.61941380182022e-26,1.3761907788477471e-26
65,528,recipe: burner-mining-drill,recipe,burner-mining-drill,False,,True,True,1.3369273120859839e-26,1.1361315043841334e-26
66,548,recipe: steam-engine,recipe,steam-engine,False,,True,True,1.2764778391416543e-26,1.0847610596227714e-26
67,536,recipe: iron-stick,recipe,iron-stick,False,,True,True,1.1505592494417685e-26,9.7775443671038172e-27
68,203,__pr_graph_lp_or_cost_row__: item: wood,,,True,node-cost:item: wood,False,False,1.0551930628368572e-26,8.9671148989096063e-27
69,181,__pr_graph_lp_or_cost_row__: item: kerogen,,,True,node-cost:item: kerogen,False,False,9.0957870642036017e-27,7.7296724716375233e-27
70,248,__pr_graph_lp_or_to_or_and__: 545:item-craft: wood --> item: wood,,,True,item-craft: wood --> item: wood,False,False,7.7766033048801605e-27,6.6086195800627674e-27
71,183,__pr_graph_lp_or_cost_row__: item: log,,,True,node-cost:item: log,False,False,7.6853559354935484e-27,6.5310768370017758e-27
72,194,__pr_graph_lp_or_cost_row__: item: small-parts-01,,,True,node-cost:item: small-parts-01,False,False,7.1149314978495375e-27,6.0463255953903077e-27
73,348,__pr_graph_lp_or_to_or_and__: 916:entity-operate: soil-extractor-mk01 --> recipe-category: soil-extraction__1__0:noncoproduct-route,,,True,entity-operate: soil-extractor-mk01 --> recipe-category: soil-extraction__1__0,False,False,6.5785528910311523e-27,5.5905067726502693e-27
74,542,recipe: planter-box,recipe,planter-box,False,,True,True,6.3495710008738367e-27,5.3959161341096886e-27
75,108,__pr_graph_lp_or_cost_row__: entity: offshore-pump,,,True,node-cost:entity: offshore-pump,False,False,-5.763166053710189e-27,4.8975845279135213e-27
76,190,__pr_graph_lp_or_cost_row__: item: raw-coal,,,True,node-cost:item: raw-coal,False,False,5.3912693495140379e-27,4.5815437393125176e-27
77,200,__pr_graph_lp_or_cost_row__: item: stone-furnace,,,True,node-cost:item: stone-furnace,False,False,-5.1514748213173627e-27,4.3777644346335731e-27
78,272,__pr_graph_lp_or_to_or_and__: 638:item-craft: small-parts-01 --> item: small-parts-01,,,True,item-craft: small-parts-01 --> item: small-parts-01,False,False,4.808982298531535e-27,4.0867115541700513e-27
79,541,recipe: pipe-to-ground,recipe,pipe-to-ground,False,,True,True,4.3720060267494163e-27,3.7153656294126562e-27
80,233,__pr_graph_lp_or_to_or_and__: 335:item: flora-collector-mk01 --> entity-build-item: flora-collector-mk01,,,True,item: flora-collector-mk01 --> entity-build-item: flora-collector-mk01,False,False,4.337505814344534e-27,3.6860470734472066e-27
81,370,entity-build: pipe-to-ground,entity-build,pipe-to-ground,False,,False,False,-4.1693440182817023e-27,3.5431418364805798e-27
82,403,entity-mine: steam-engine,entity-mine,steam-engine,False,,True,False,-3.9746586187964301e-27,3.3776966295502852e-27
83,176,__pr_graph_lp_or_cost_row__: item: inductor1,,,True,node-cost:item: inductor1,False,False,-3.9011412880778183e-27,3.3152210149132264e-27
84,376,entity-build: underground-belt,entity-build,underground-belt,False,,False,False,-3.7817263379554673e-27,3.2137412368415393e-27
85,400,entity-mine: seaweed,entity-mine,seaweed,False,,True,False,3.7784289228981568e-27,3.2109390671979288e-27
86,185,__pr_graph_lp_or_cost_row__: item: native-flora,,,True,node-cost:item: native-flora,False,False,3.7130488076034035e-27,3.1553785231989155e-27
87,316,__pr_graph_lp_or_to_or_and__: 865:entity-build: steam-engine --> entity: steam-engine:noncoproduct-route,,,True,entity-build: steam-engine --> entity: steam-engine,False,False,3.4648205454557588e-27,2.944432164070062e-27
88,174,__pr_graph_lp_or_cost_row__: item: fish,,,True,node-cost:item: fish,False,False,3.4564845800529478e-27,2.9373481941130024e-27
89,423,entity-mine: wooden-chest,entity-mine,wooden-chest,False,,True,False,-3.4187990423205316e-27,2.9053227232512764e-27
90,437,entity-operate: character,entity-operate,character,False,,False,False,3.34612289818501e-27,2.8435619556889053e-27
91,251,__pr_graph_lp_or_to_or_and__: 557:item-craft: copper-cable --> item: copper-cable,,,True,item-craft: copper-cable --> item: copper-cable,False,False,-3.1765955080010941e-27,2.6994962259347201e-27
92,162,__pr_graph_lp_or_cost_row__: entity: wpu-mk01,,,True,node-cost:entity: wpu-mk01,False,False,3.0608256900023991e-27,2.6011141102459389e-27
93,122,__pr_graph_lp_or_cost_row__: entity: pipe,,,True,node-cost:entity: pipe,False,False,3.0264558761911596e-27,2.5719063680465227e-27
94,273,__pr_graph_lp_or_to_or_and__: 640:item-craft: bolts --> item: bolts,,,True,item-craft: bolts --> item: bolts,False,False,-3.0136994699263623e-27,2.5610658721503424e-27
95,409,entity-mine: tree-02-red,entity-mine,tree-02-red,False,,True,False,3.0105821425452652e-27,2.5584167424518717e-27
96,236,__pr_graph_lp_or_to_or_and__: 347:item: pipe-to-ground --> entity-build-item: pipe-to-ground,,,True,item: pipe-to-ground --> entity-build-item: pipe-to-ground,False,False,2.9644097666037834e-27,2.5191790887177008e-27
97,77,__pr_graph_lp_or_cost_row__: entity: big-rock,,,True,node-cost:entity: big-rock,False,False,2.9447440234215873e-27,2.5024669831421484e-27
98,80,__pr_graph_lp_or_cost_row__: entity: biter-spawner,,,True,node-cost:entity: biter-spawner,False,False,-2.9032354662839706e-27,2.4671926798653356e-27
99,254,__pr_graph_lp_or_to_or_and__: 563:item-craft: wooden-chest --> item: wooden-chest,,,True,item-craft: wooden-chest --> item: wooden-chest,False,False,-2.8512768930016976e-27,2.4230378694315985e-27
100,175,__pr_graph_lp_or_cost_row__: item: flora-collector-mk01,,,True,node-cost:item: flora-collector-mk01,False,False,-2.8478948775856681e-27,2.420163805727665e-27
101,171,__pr_graph_lp_or_cost_row__: item: copper-ore,,,True,node-cost:item: copper-ore,False,False,-2.8472428162433557e-27,2.419609678792644e-27
102,95,__pr_graph_lp_or_cost_row__: entity: dry-tree,,,True,node-cost:entity: dry-tree,False,False,2.7447809890637315e-27,2.3325367999583407e-27
103,126,__pr_graph_lp_or_cost_row__: entity: raw-coal,,,True,node-cost:entity: raw-coal,False,False,2.7312817315585276e-27,2.3210650231468354e-27
104,231,__pr_graph_lp_or_to_or_and__: 326:item: lab --> entity-build-item: lab,,,True,item: lab --> entity-build-item: lab,False,False,-2.6327091048426619e-27,2.2372972179195985e-27
105,391,entity-mine: flora-collector-mk01,entity-mine,flora-collector-mk01,False,,True,False,-2.5394227693418454e-27,2.1580217451748174e-27
106,396,entity-mine: ore-bioreserve,entity-mine,ore-bioreserve,False,,True,False,-2.5053099731819848e-27,2.1290324186276767e-27
107,98,__pr_graph_lp_or_cost_row__: entity: geothermal-crack,,,True,node-cost:entity: geothermal-crack,False,False,2.5027171225100163e-27,2.1268289934242596e-27
108,103,__pr_graph_lp_or_cost_row__: entity: lead-rock,,,True,node-cost:entity: lead-rock,False,False,-2.4485523165897175e-27,2.0807993088792663e-27
109,529,recipe: copper-cable,recipe,copper-cable,False,,True,True,2.4261541833012597e-27,2.0617651963748945e-27
110,540,recipe: pipe,recipe,pipe,False,,True,True,2.4192687653106987e-27,2.0559139131905275e-27
111,397,entity-mine: pipe,entity-mine,pipe,False,,True,False,-2.4154383485830748e-27,2.0526587944717819e-27
112,366,entity-build: flora-collector-mk01,entity-build,flora-collector-mk01,False,,False,False,-2.4007565801272532e-27,2.0401821104127916e-27
113,349,__pr_graph_lp_or_to_or_and__: 918:entity-operate: wpu-mk01 --> recipe-category: wpu__0__0:noncoproduct-route,,,True,entity-operate: wpu-mk01 --> recipe-category: wpu__0__0,False,False,-2.3801990004965994e-27,2.0227121151025535e-27
114,178,__pr_graph_lp_or_cost_row__: item: iron-ore,,,True,node-cost:item: iron-ore,False,False,-2.3735930879048859e-27,2.0170983578378124e-27
115,306,__pr_graph_lp_or_to_or_and__: 802:entity-build: soil-extractor-mk01 --> entity: soil-extractor-mk01:noncoproduct-route,,,True,entity-build: soil-extractor-mk01 --> entity: soil-extractor-mk01,False,False,-2.372361569441364e-27,2.0160518036145653e-27
116,232,__pr_graph_lp_or_to_or_and__: 330:item: burner-mining-drill --> entity-build-item: burner-mining-drill,,,True,item: burner-mining-drill --> entity-build-item: burner-mining-drill,False,False,2.3563088008653857e-27,2.002410032706841e-27
117,57,__pr_graph_lp_explicit_zero_free_source__: 1284:room-autoplace: planet: nauvis --> entity: tree-09-brown,,,True,explicit-zero:room-autoplace: planet: nauvis --> entity: tree-09-brown,False,False,2.3291200536740361e-27,1.9793048182575747e-27
118,351,__pr_graph_lp_or_to_or_and__: 921:entity-operate: flora-collector-mk01 --> resource-category: ore-bioreserve__0__0:noncoproduct-route,,,True,entity-operate: flora-collector-mk01 --> resource-category: ore-bioreserve__0__0,False,False,2.3150680262707879e-27,1.9673632931731708e-27
119,377,entity-build: wooden-chest,entity-build,wooden-chest,False,,False,False,-2.3035529967740638e-27,1.9575777291661581e-27
120,121,__pr_graph_lp_or_cost_row__: entity: phosphate-rock-02,,,True,node-cost:entity: phosphate-rock-02,False,False,2.2499190745937162e-27,1.9119991938621678e-27
121,321,__pr_graph_lp_or_to_or_and__: 875:entity-build: offshore-pump --> entity: offshore-pump:noncoproduct-route,,,True,entity-build: offshore-pump --> entity: offshore-pump,False,False,2.2421151460468376e-27,1.9053673530732789e-27
122,124,__pr_graph_lp_or_cost_row__: entity: quartz-rock,,,True,node-cost:entity: quartz-rock,False,False,-2.2042456010412873e-27,1.8731855113616544e-27
123,155,__pr_graph_lp_or_cost_row__: entity: tree-09-brown,,,True,node-cost:entity: tree-09-brown,False,False,-2.1718030774755917e-27,1.8456155958011735e-27
124,189,__pr_graph_lp_or_cost_row__: item: planter-box,,,True,node-cost:item: planter-box,False,False,2.169737676667715e-27,1.8438604017036366e-27
125,76,__pr_graph_lp_or_cost_row__: entity: behemoth-worm-turret,,,True,node-cost:entity: behemoth-worm-turret,False,False,2.1101294565518185e-27,1.793204860312783e-27
126,424,entity-mine: wpu-mk01,entity-mine,wpu-mk01,False,,True,False,-2.1082903680746895e-27,1.7916419882408857e-27
127,17,__pr_graph_lp_explicit_zero_free_source__: 1061:room-autoplace: planet: nauvis --> entity: quartz-rock,,,True,explicit-zero:room-autoplace: planet: nauvis --> entity: quartz-rock,False,False,2.1011835463323602e-27,1.7856025543804882e-27
128,261,__pr_graph_lp_or_to_or_and__: 584:item-craft: steam-engine --> item: steam-engine,,,True,item-craft: steam-engine --> item: steam-engine,False,False,-2.0757984565347724e-27,1.7640301023855774e-27
129,268,__pr_graph_lp_or_to_or_and__: 604:item-craft: soil --> item: soil,,,True,item-craft: soil --> item: soil,False,False,2.0478837213279836e-27,1.7403079375242062e-27
130,193,__pr_graph_lp_or_cost_row__: item: small-electric-pole,,,True,node-cost:item: small-electric-pole,False,False,1.9751909655696924e-27,1.6785330532721713e-27
131,286,__pr_graph_lp_or_to_or_and__: 779:item: kerogen --> energy-source-burner: chemical__biomass__jerry__nuke_2_1,,,True,item: kerogen --> energy-source-burner: chemical__biomass__jerry__nuke_2_1,False,False,1.9403977939063277e-27,1.648965538189757e-27
132,99,__pr_graph_lp_or_cost_row__: entity: huge-rock,,,True,node-cost:entity: huge-rock,False,False,-1.9053563366227636e-27,1.6191870280048835e-27
133,143,__pr_graph_lp_or_cost_row__: entity: tree-02,,,True,node-cost:entity: tree-02,False,False,1.8942249938155424e-27,1.6097275240101216e-27
134,12,__pr_graph_lp_explicit_zero_free_source__: 1046:room-autoplace: planet: nauvis --> entity: ore-lead,,,True,explicit-zero:room-autoplace: planet: nauvis --> entity: ore-lead,False,False,1.8900761314823479e-27,1.6062017876731622e-27
135,384,entity-mine: copper-ore,entity-mine,copper-ore,False,,True,False,1.8734617439974354e-27,1.592082748532431e-27
136,75,__pr_graph_lp_or_cost_row__: entity: antimonium,,,True,node-cost:entity: antimonium,False,False,-1.8614790537776913e-27,1.5818997627090018e-27
137,146,__pr_graph_lp_or_cost_row__: entity: tree-04,,,True,node-cost:entity: tree-04,False,False,1.8348422127525939e-27,1.5592635625264608e-27
138,235,__pr_graph_lp_or_to_or_and__: 343:item: pipe --> entity-build-item: pipe,,,True,item: pipe --> entity-build-item: pipe,False,False,1.8254635310724138e-27,1.5512934839514202e-27
139,93,__pr_graph_lp_or_cost_row__: entity: dead-tree-desert,,,True,node-cost:entity: dead-tree-desert,False,False,1.8034079481110282e-27,1.5325504734500561e-27
140,412,entity-mine: tree-05,entity-mine,tree-05,False,,True,False,1.7825567766440153e-27,1.514830981453123e-27
141,325,__pr_graph_lp_or_to_or_and__: 883:entity-build: underground-belt --> entity: underground-belt:noncoproduct-route,,,True,entity-build: underground-belt --> entity: underground-belt,False,False,1.741194352549832e-27,1.4796808632034058e-27
142,104,__pr_graph_lp_or_cost_row__: entity: medium-worm-turret,,,True,node-cost:entity: medium-worm-turret,False,False,-1.7375430127934606e-27,1.476577925524654e-27
143,141,__pr_graph_lp_or_cost_row__: entity: transport-belt,,,True,node-cost:entity: transport-belt,False,False,-1.735838713137542e-27,1.4751295980692303e-27
144,393,entity-mine: iron-ore,entity-mine,iron-ore,False,,True,False,1.728511223093703e-27,1.4689026385243038e-27
145,551,recipe: transport-belt,recipe,transport-belt,False,,True,True,1.6803473447471676e-27,1.4279725901453504e-27
146,166,__pr_graph_lp_or_cost_row__: item: boiler,,,True,node-cost:item: boiler,False,False,-1.6791345603973611e-27,1.4269419563215193e-27
147,9,__pr_graph_lp_explicit_zero_free_source__: 1035:room-autoplace: planet: nauvis --> entity: raw-coal,,,True,explicit-zero:room-autoplace: planet: nauvis --> entity: raw-coal,False,False,-1.6536348359002879e-27,1.4052720868436959e-27
148,310,__pr_graph_lp_or_to_or_and__: 853:entity-operate: character --> resource-category: basic-solid__0__0:noncoproduct-route,,,True,entity-operate: character --> resource-category: basic-solid__0__0,False,False,-1.6442664255773149e-27,1.3973107369500207e-27
149,525,recipe: boiler,recipe,boiler,False,,True,True,-1.5968463083284353e-27,1.3570127426903472e-27
150,373,entity-build: steam-engine,entity-build,steam-engine,False,,False,False,-1.5762814368796809e-27,1.3395365507348666e-27
151,323,__pr_graph_lp_or_to_or_and__: 879:entity-build: pipe-to-ground --> entity: pipe-to-ground:noncoproduct-route,,,True,entity-build: pipe-to-ground --> entity: pipe-to-ground,False,False,1.5615402452517009e-27,1.327009368389717e-27
152,30,__pr_graph_lp_explicit_zero_free_source__: 1100:room-autoplace: planet: nauvis --> entity: phosphate-rock-02,,,True,explicit-zero:room-autoplace: planet: nauvis --> entity: phosphate-rock-02,False,False,-1.5603127266942125e-27,1.325966213318554e-27
153,94,__pr_graph_lp_or_cost_row__: entity: dry-hairy-tree,,,True,node-cost:entity: dry-hairy-tree,False,False,-1.5502928447157443e-27,1.3174512376104234e-27
154,15,__pr_graph_lp_explicit_zero_free_source__: 1055:room-autoplace: planet: nauvis --> entity: ore-titanium,,,True,explicit-zero:room-autoplace: planet: nauvis --> entity: ore-titanium,False,False,-1.5429476914990306e-27,1.3112092677601581e-27
155,239,__pr_graph_lp_or_to_or_and__: 534:fluid-create-temperature: water: 15 --> fluid-create: water,,,True,fluid-create-temperature: water: 15 --> fluid-create: water,False,False,1.5408588875508315e-27,1.3094341854871151e-27
156,263,__pr_graph_lp_or_to_or_and__: 590:item-craft: pipe-to-ground --> item: pipe-to-ground,,,True,item-craft: pipe-to-ground --> item: pipe-to-ground,False,False,1.5315990672888104e-27,1.3015651162942642e-27
157,140,__pr_graph_lp_or_cost_row__: entity: titanium-rock,,,True,node-cost:entity: titanium-rock,False,False,1.5271051011569809e-27,1.2977461079937753e-27
158,399,entity-mine: raw-coal,entity-mine,raw-coal,False,,True,False,1.4884751081334152e-27,1.2649180314847139e-27
159,109,__pr_graph_lp_or_cost_row__: entity: oil-sand,,,True,node-cost:entity: oil-sand,False,False,1.4654688306290184e-27,1.2453671131699655e-27
160,204,__pr_graph_lp_or_cost_row__: item: wooden-chest,,,True,node-cost:item: wooden-chest,False,False,1.451739654317756e-27,1.2336999495213061e-27
161,107,__pr_graph_lp_or_cost_row__: entity: niobium,,,True,node-cost:entity: niobium,False,False,1.4146060954819844e-27,1.2021435547331738e-27
162,225,__pr_graph_lp_or_to_or_and__: 300:item: small-electric-pole --> entity-build-item: small-electric-pole,,,True,item: small-electric-pole --> entity-build-item: small-electric-pole,False,False,-1.4082676618760295e-27,1.1967571032461918e-27
163,31,__pr_graph_lp_explicit_zero_free_source__: 1103:room-autoplace: planet: nauvis --> entity: phosphate-rock,,,True,explicit-zero:room-autoplace: planet: nauvis --> entity: phosphate-rock,False,False,1.3950586722679286e-27,1.1855319984112619e-27
164,116,__pr_graph_lp_or_cost_row__: entity: ore-quartz,,,True,node-cost:entity: ore-quartz,False,False,1.3823671945213179e-27,1.1747466792882526e-27
165,287,__pr_graph_lp_or_to_or_and__: 780:item: wood --> energy-source-burner: chemical__biomass__jerry__nuke_2_1,,,True,item: wood --> energy-source-burner: chemical__biomass__jerry__nuke_2_1,False,False,1.3814373359666313e-27,1.1739564780641096e-27
166,187,__pr_graph_lp_or_cost_row__: item: pipe,,,True,node-cost:item: pipe,False,False,1.3407500045203788e-27,1.1393800589368191e-27
167,192,__pr_graph_lp_or_cost_row__: item: seaweed,,,True,node-cost:item: seaweed,False,False,-1.32888875198246e-27,1.1293002718250131e-27
168,375,entity-build: transport-belt,entity-build,transport-belt,False,,False,False,1.3270778350210226e-27,1.1277613401320832e-27
169,414,entity-mine: tree-06-brown,entity-mine,tree-06-brown,False,,True,False,1.3075878278685241e-27,1.1111985764377161e-27
170,33,__pr_graph_lp_explicit_zero_free_source__: 1109:room-autoplace: planet: nauvis --> entity: oil-sand,,,True,explicit-zero:room-autoplace: planet: nauvis --> entity: oil-sand,False,False,-1.2988326012797337e-27,1.1037583149772586e-27
171,157,__pr_graph_lp_or_cost_row__: entity: underground-belt,,,True,node-cost:entity: underground-belt,False,False,-1.2817941042357545e-27,1.0892788641469687e-27
172,331,__pr_graph_lp_or_to_or_and__: 892:tile-fluid: water --> fluid-create-offshore-temperature: water: 15:noncoproduct-route,,,True,tile-fluid: water --> fluid-create-offshore-temperature: water: 15,False,False,-1.28178280706115e-27,1.0892692637177885e-27
173,311,__pr_graph_lp_or_to_or_and__: 855:entity-build: wpu-mk01 --> entity: wpu-mk01:noncoproduct-route,,,True,entity-build: wpu-mk01 --> entity: wpu-mk01,False,False,-1.2735055828694758e-27,1.0822352125109666e-27
174,184,__pr_graph_lp_or_cost_row__: item: moss,,,True,node-cost:item: moss,False,False,-1.2666087328872331e-27,1.0763742143287909e-27
175,413,entity-mine: tree-06,entity-mine,tree-06,False,,True,False,1.2564489457702851e-27,1.0677403461169203e-27
176,285,__pr_graph_lp_or_to_or_and__: 778:item: raw-coal --> energy-source-burner: chemical__biomass__jerry__nuke_2_1,,,True,item: raw-coal --> energy-source-burner: chemical__biomass__jerry__nuke_2_1,False,False,1.2430740027433991e-27,1.0563742127416671e-27
177,118,__pr_graph_lp_or_cost_row__: entity: ore-titanium,,,True,node-cost:entity: ore-titanium,False,False,1.2421887644132896e-27,1.0556219301406359e-27
178,90,__pr_graph_lp_or_cost_row__: entity: copper-rock,,,True,node-cost:entity: copper-rock,False,False,-1.2409987562482912e-27,1.0546106517005093e-27
179,531,recipe: empty-planter-box,recipe,empty-planter-box,False,,True,True,-1.2205425623885846e-27,1.0372268148279275e-27
180,40,__pr_graph_lp_explicit_zero_free_source__: 1132:room-autoplace: planet: nauvis --> entity: antimonium,,,True,explicit-zero:room-autoplace: planet: nauvis --> entity: antimonium,False,False,1.2023948938152599e-27,1.0218047811759214e-27
181,526,recipe: bolts,recipe,bolts,False,,True,True,1.1765359920337282e-27,9.99829679973947e-28
182,206,__pr_graph_lp_or_to_or_and__: 265:item: soil-extractor-mk01 --> entity-build-item: soil-extractor-mk01,,,True,item: soil-extractor-mk01 --> entity-build-item: soil-extractor-mk01,False,False,1.1764395334582734e-27,9.9974770870636081e-28
183,419,entity-mine: tree-09,entity-mine,tree-09,False,,True,False,1.1761616589690117e-27,9.9951156874672292e-28
184,91,__pr_graph_lp_or_cost_row__: entity: dead-dry-hairy-tree,,,True,node-cost:entity: dead-dry-hairy-tree,False,False,-1.15596001980646e-27,9.8234405448825188e-28
185,24,__pr_graph_lp_explicit_zero_free_source__: 1082:room-autoplace: planet: nauvis --> entity: lead-rock,,,True,explicit-zero:room-autoplace: planet: nauvis --> entity: lead-rock,False,False,1.1359214293962272e-27,9.6531510036134952e-28
186,6,__pr_graph_lp_explicit_zero_free_source__: 1026:room-autoplace: planet: nauvis --> entity: volcanic-pipe,,,True,explicit-zero:room-autoplace: planet: nauvis --> entity: volcanic-pipe,False,False,1.1286671558003008e-27,9.5915036073844928e-28
187,486,entity-operate: steam-engine,entity-operate,steam-engine,False,,False,False,-1.1279354041661136e-27,9.5852851235711314e-28
188,117,__pr_graph_lp_or_cost_row__: entity: ore-tin,,,True,node-cost:entity: ore-tin,False,False,-1.1237023107444488e-27,9.5493119576863637e-28
189,63,__pr_graph_lp_explicit_zero_free_source__: 1314:room-autoplace: planet: nauvis --> entity: dry-hairy-tree,,,True,explicit-zero:room-autoplace: planet: nauvis --> entity: dry-hairy-tree,False,False,1.1115227942803684e-27,9.4458094543122915e-28
190,333,__pr_graph_lp_or_to_or_and__: 895:fluid-temperature: steam: 250 --> fluid-temperature-range: steam: nil: nil:noncoproduct-route,,,True,fluid-temperature: steam: 250 --> fluid-temperature-range: steam: nil: nil,False,False,1.1104742280965022e-27,9.4368986551599917e-28
191,144,__pr_graph_lp_or_cost_row__: entity: tree-02-red,,,True,node-cost:entity: tree-02-red,False,False,-1.0999698647975422e-27,9.3476317371341794e-28
192,120,__pr_graph_lp_or_cost_row__: entity: phosphate-rock,,,True,node-cost:entity: phosphate-rock,False,False,-1.0851871721984272e-27,9.2220072351163711e-28
193,173,__pr_graph_lp_or_cost_row__: item: empty-planter-box,,,True,node-cost:item: empty-planter-box,False,False,-1.0735146611252281e-27,9.1228133040353885e-28
194,154,__pr_graph_lp_or_cost_row__: entity: tree-09,,,True,node-cost:entity: tree-09,False,False,1.0377621572406065e-27,8.8189856713980021e-28
195,110,__pr_graph_lp_or_cost_row__: entity: ore-aluminium,,,True,node-cost:entity: ore-aluminium,False,False,1.0372220733309247e-27,8.8143959952110223e-28
196,417,entity-mine: tree-08-brown,entity-mine,tree-08-brown,False,,True,False,9.958947870193721e-28,8.4631934163961902e-28
197,258,__pr_graph_lp_or_to_or_and__: 575:item-craft: offshore-pump --> item: offshore-pump,,,True,item-craft: offshore-pump --> item: offshore-pump,False,False,9.9439514780325499e-28,8.4504493626003087e-28
198,112,__pr_graph_lp_or_cost_row__: entity: ore-chromium,,,True,node-cost:entity: ore-chromium,False,False,9.868255463595302e-28,8.386122285143654e-28
199,11,__pr_graph_lp_explicit_zero_free_source__: 1043:room-autoplace: planet: nauvis --> entity: ore-chromium,,,True,explicit-zero:room-autoplace: planet: nauvis --> entity: ore-chromium,False,False,-9.8155799688986387e-28,8.341358229167775e-28
200,247,__pr_graph_lp_or_to_or_and__: 543:item-craft: stone-brick --> item: stone-brick,,,True,item-craft: stone-brick --> item: stone-brick,False,False,-9.7767209831610581e-28,8.3083355528219728e-28
201,516,fluid-temperature: steam: 250,fluid-temperature,steam: 250,False,,False,False,9.6914372354804831e-28,8.2358607431027616e-28
202,415,entity-mine: tree-07,entity-mine,tree-07,False,,True,False,9.468185309881699e-28,8.0461394741943965e-28
203,145,__pr_graph_lp_or_cost_row__: entity: tree-03,,,True,node-cost:entity: tree-03,False,False,-9.3942379216363171e-28,7.9832983932373342e-28
204,168,__pr_graph_lp_or_cost_row__: item: burner-inserter,,,True,node-cost:item: burner-inserter,False,False,9.3455979091956104e-28,7.9419637223035048e-28
205,315,__pr_graph_lp_or_to_or_and__: 863:entity-build: stone-furnace --> entity: stone-furnace:noncoproduct-route,,,True,entity-build: stone-furnace --> entity: stone-furnace,False,False,-9.3407356541632008e-28,7.937831739154734e-28
206,123,__pr_graph_lp_or_cost_row__: entity: pipe-to-ground,,,True,node-cost:entity: pipe-to-ground,False,False,-9.258900549653805e-28,7.8682876139377656e-28
207,395,entity-mine: offshore-pump,entity-mine,offshore-pump,False,,True,False,9.1967021130485299e-28,7.8154308858928926e-28
208,125,__pr_graph_lp_or_cost_row__: entity: rare-earth-bolide,,,True,node-cost:entity: rare-earth-bolide,False,False,9.183628792363784e-28,7.8043210735922658e-28
209,564,tile-fluid: water,tile-fluid,water,False,,False,False,9.1187250640423731e-28,7.7491653670468664e-28
210,153,__pr_graph_lp_or_cost_row__: entity: tree-08-red,,,True,node-cost:entity: tree-08-red,False,False,9.1057654112057171e-28,7.7381521505911175e-28
211,389,entity-mine: dry-tree,entity-mine,dry-tree,False,,True,False,-9.1040066971559989e-28,7.736657581349376e-28
212,38,__pr_graph_lp_explicit_zero_free_source__: 1126:room-autoplace: planet: nauvis --> entity: geothermal-crack,,,True,explicit-zero:room-autoplace: planet: nauvis --> entity: geothermal-crack,False,False,-8.9290240792580609e-28,7.5879559555270497e-28
213,73,__pr_graph_lp_explicit_zero_free_source__: 999:room-autoplace: planet: nauvis --> entity: iron-ore,,,True,explicit-zero:room-autoplace: planet: nauvis --> entity: iron-ore,False,False,-8.9082738360552082e-28,7.5703222331748527e-28
214,282,__pr_graph_lp_or_to_or_and__: 775:item: kerogen --> energy-source-burner: chemical__biomass__jerry_2_1,,,True,item: kerogen --> energy-source-burner: chemical__biomass__jerry_2_1,False,False,8.8529493449239678e-28,7.523307038878201e-28
215,243,__pr_graph_lp_or_to_or_and__: 539:item: kerogen --> fuel-category: chemical__1,,,True,item: kerogen --> fuel-category: chemical__1,False,False,8.8096717985799222e-28,7.4865294344494323e-28
216,89,__pr_graph_lp_or_cost_row__: entity: copper-ore,,,True,node-cost:entity: copper-ore,False,False,-8.724251328974218e-28,7.4139384373466026e-28
217,113,__pr_graph_lp_or_cost_row__: entity: ore-lead,,,True,node-cost:entity: ore-lead,False,False,-8.6537264560446054e-28,7.3540058372316404e-28
218,160,__pr_graph_lp_or_cost_row__: entity: volcanic-pipe,,,True,node-cost:entity: volcanic-pipe,False,False,-8.6278402962996998e-28,7.3320075719947521e-28
219,169,__pr_graph_lp_or_cost_row__: item: burner-mining-drill,,,True,node-cost:item: burner-mining-drill,False,False,-8.3419355387220265e-28,7.0890434262249396e-28
220,308,__pr_graph_lp_or_to_or_and__: 851:entity-operate: character --> recipe-category: ee-testing-tool__0__0:noncoproduct-route,,,True,entity-operate: character --> recipe-category: ee-testing-tool__0__0,False,False,-8.3163752049621933e-28,7.0673220505116932e-28
221,543,recipe: recipe-unknown,recipe,recipe-unknown,False,,True,True,-8.2801447239267149e-28,7.0365330984487917e-28
222,70,__pr_graph_lp_explicit_zero_free_source__: 639:entity-character: character --> entity: character,,,True,explicit-zero:entity-character: character --> entity: character,False,False,-8.2380046586236721e-28,7.000722134490781e-28
223,130,__pr_graph_lp_or_cost_row__: entity: seaweed,,,True,node-cost:entity: seaweed,False,False,-8.1992793278903896e-28,6.9678130392347868e-28
224,191,__pr_graph_lp_or_cost_row__: item: saps,,,True,node-cost:item: saps,False,False,-8.1757281992871927e-28,6.9477991021059653e-28
225,128,__pr_graph_lp_or_cost_row__: entity: regolites,,,True,node-cost:entity: regolites,False,False,8.134653533777531e-28,6.9128935233989565e-28
226,37,__pr_graph_lp_explicit_zero_free_source__: 1123:room-autoplace: planet: nauvis --> entity: ore-nexelit,,,True,explicit-zero:room-autoplace: planet: nauvis --> entity: ore-nexelit,False,False,8.1267861879647354e-28,6.9062077901111413e-28
227,127,__pr_graph_lp_or_cost_row__: entity: ree,,,True,node-cost:entity: ree,False,False,-8.1182583642218835e-28,6.89896077740484e-28
228,371,entity-build: small-electric-pole,entity-build,small-electric-pole,False,,False,False,-8.0800984205264921e-28,6.8665321525679269e-28
229,288,__pr_graph_lp_or_to_or_and__: 781:item: log --> energy-source-burner: chemical__biomass__jerry__nuke_2_1,,,True,item: log --> energy-source-burner: chemical__biomass__jerry__nuke_2_1,False,False,7.9722132141886624e-28,6.7748504428225075e-28
230,304,__pr_graph_lp_or_to_or_and__: 797:item: wood --> energy-source-burner: chemical__biomass__nuke_2_1,,,True,item: wood --> energy-source-burner: chemical__biomass__nuke_2_1,False,False,7.9102562620152777e-28,6.7221989301759649e-28
231,205,__pr_graph_lp_or_cost_row__: item: wpu-mk01,,,True,node-cost:item: wpu-mk01,False,False,7.7895862449408927e-28,6.6196525861874716e-28
232,207,__pr_graph_lp_or_to_or_and__: 269:item: wpu-mk01 --> entity-build-item: wpu-mk01,,,True,item: wpu-mk01 --> entity-build-item: wpu-mk01,False,False,7.779700472095142e-28,6.6112515774911064e-28
233,264,__pr_graph_lp_or_to_or_and__: 593:item-craft: lab --> item: lab,,,True,item-craft: lab --> item: lab,False,False,7.6328785564551652e-28,6.4864811412941396e-28
234,398,entity-mine: pipe-to-ground,entity-mine,pipe-to-ground,False,,True,False,7.4892548844308933e-28,6.3644285980578812e-28
235,368,entity-build: offshore-pump,entity-build,offshore-pump,False,,False,False,-7.4060663230450264e-28,6.2937342943807352e-28
236,260,__pr_graph_lp_or_to_or_and__: 581:item-craft: boiler --> item: boiler,,,True,item-craft: boiler --> item: boiler,False,False,7.3770892645098498e-28,6.2691093586728772e-28
237,270,__pr_graph_lp_or_to_or_and__: 629:item-craft: wpu-mk01 --> item: wpu-mk01,,,True,item-craft: wpu-mk01 --> item: wpu-mk01,False,False,7.2616504456305425e-28,6.1710085286785832e-28
238,421,entity-mine: tree-09-red,entity-mine,tree-09-red,False,,True,False,7.2500218325070327e-28,6.1611264403986301e-28
239,182,__pr_graph_lp_or_cost_row__: item: lab,,,True,node-cost:item: lab,False,False,7.2470924238697454e-28,6.1586370055490692e-28
240,197,__pr_graph_lp_or_cost_row__: item: steam-engine,,,True,node-cost:item: steam-engine,False,False,7.2398873249185791e-28,6.152514054931916e-28
241,365,entity-build: burner-mining-drill,entity-build,burner-mining-drill,False,,False,False,-7.204564660892671e-28,6.1224965730121294e-28
242,84,__pr_graph_lp_or_cost_row__: entity: burner-inserter,,,True,node-cost:entity: burner-inserter,False,False,-7.1718462450711586e-28,6.0946922020098189e-28
243,324,__pr_graph_lp_or_to_or_and__: 881:entity-build: transport-belt --> entity: transport-belt:noncoproduct-route,,,True,entity-build: transport-belt --> entity: transport-belt,False,False,7.1372910190948296e-28,6.0653268950721033e-28
244,56,__pr_graph_lp_explicit_zero_free_source__: 1279:room-autoplace: planet: nauvis --> entity: tree-09,,,True,explicit-zero:room-autoplace: planet: nauvis --> entity: tree-09,False,False,-7.1171320933984515e-28,6.048195679058228e-28
245,320,__pr_graph_lp_or_to_or_and__: 873:entity-build: flora-collector-mk01 --> entity: flora-collector-mk01:noncoproduct-route,,,True,entity-build: flora-collector-mk01 --> entity: flora-collector-mk01,False,False,7.0828075354898433e-28,6.0190263956862095e-28
246,100,__pr_graph_lp_or_cost_row__: entity: iron-ore,,,True,node-cost:entity: iron-ore,False,False,7.0566212338582953e-28,5.9967730674775971e-28
247,201,__pr_graph_lp_or_cost_row__: item: transport-belt,,,True,node-cost:item: transport-belt,False,False,-6.9251119961197144e-28,5.8850154672239081e-28
248,271,__pr_graph_lp_or_to_or_and__: 636:item-craft: inductor1 --> item: inductor1,,,True,item-craft: inductor1 --> item: inductor1,False,False,-6.9027578190441722e-28,5.8660187090602359e-28
249,226,__pr_graph_lp_or_to_or_and__: 310:item: stone-furnace --> entity-build-item: stone-furnace,,,True,item: stone-furnace --> entity-build-item: stone-furnace,False,False,-6.8619285149295253e-28,5.8313216404257769e-28
250,25,__pr_graph_lp_explicit_zero_free_source__: 1085:room-autoplace: planet: nauvis --> entity: nickel-rock,,,True,explicit-zero:room-autoplace: planet: nauvis --> entity: nickel-rock,False,False,6.7906857683698165e-28,5.7707789855681625e-28
251,328,__pr_graph_lp_or_to_or_and__: 887:fluid-temperature: water: 15 --> fluid-temperature-range: water: nil: 101:noncoproduct-route,,,True,fluid-temperature: water: 15 --> fluid-temperature-range: water: nil: 101,False,False,6.7853578341781058e-28,5.7662512645516445e-28
252,246,__pr_graph_lp_or_to_or_and__: 542:item: fish --> fuel-category: fish__0,,,True,item: fish --> fuel-category: fish__0,False,False,6.7320701163930149e-28,5.7209669365069808e-28
253,356,__pr_graph_lp_or_to_or_and__: 927:entity-operate: offshore-pump --> tile-fluid-pump: water-shallow:noncoproduct-route,,,True,entity-operate: offshore-pump --> tile-fluid-pump: water-shallow,False,False,-6.707845711332777e-28,5.7003808436692514e-28
254,131,__pr_graph_lp_or_cost_row__: entity: small-electric-pole,,,True,node-cost:entity: small-electric-pole,False,False,-6.691622203131035e-28,5.6865939768642982e-28
255,269,__pr_graph_lp_or_to_or_and__: 626:item-craft: soil-extractor-mk01 --> item: soil-extractor-mk01,,,True,item-craft: soil-extractor-mk01 --> item: soil-extractor-mk01,False,False,-6.6804084716552332e-28,5.6770644583211518e-28
256,275,__pr_graph_lp_or_to_or_and__: 663:item-craft: empty-planter-box --> item: empty-planter-box,,,True,item-craft: empty-planter-box --> item: empty-planter-box,False,False,6.659951344828162e-28,5.6596798286054541e-28
257,347,__pr_graph_lp_or_to_or_and__: 914:item-burn: kerogen --> item: ash:noncoproduct-route,,,True,item-burn: kerogen --> item: ash,False,False,6.5900194918056049e-28,5.6002511815424204e-28
258,7,__pr_graph_lp_explicit_zero_free_source__: 1029:room-autoplace: planet: nauvis --> entity: regolites,,,True,explicit-zero:room-autoplace: planet: nauvis --> entity: regolites,False,False,-6.5820680078324073e-28,5.5934939469741034e-28
259,156,__pr_graph_lp_or_cost_row__: entity: tree-09-red,,,True,node-cost:entity: tree-09-red,False,False,6.5750072576727285e-28,5.5874936651124965e-28
260,208,__pr_graph_lp_or_to_or_and__: 272:item: moss --> entity-operate-py-module: moss-farm-mk01,,,True,item: moss --> entity-operate-py-module: moss-farm-mk01,False,False,6.5462629529095497e-28,5.5630665254184825e-28
261,172,__pr_graph_lp_or_cost_row__: item: copper-plate,,,True,node-cost:item: copper-plate,False,False,-6.5208232599715622e-28,5.5414476712388864e-28
262,164,__pr_graph_lp_or_cost_row__: item: ash,,,True,node-cost:item: ash,False,False,-6.35207600335012e-28,5.3980449052149971e-28
263,411,entity-mine: tree-04,entity-mine,tree-04,False,,True,False,6.3399018417183837e-28,5.3876992054568706e-28
264,74,__pr_graph_lp_or_cost_row__: entity: aluminium-rock,,,True,node-cost:entity: aluminium-rock,False,False,-6.304835717483979e-28,5.3578997331002219e-28
265,220,__pr_graph_lp_or_to_or_and__: 285:item: boiler --> entity-build-item: boiler,,,True,item: boiler --> entity-build-item: boiler,False,False,6.2834945179897272e-28,5.3397638113731574e-28
266,10,__pr_graph_lp_explicit_zero_free_source__: 1040:room-autoplace: planet: nauvis --> entity: ore-aluminium,,,True,explicit-zero:room-autoplace: planet: nauvis --> entity: ore-aluminium,False,False,-6.2011000901832784e-28,5.2697443687524873e-28
267,256,__pr_graph_lp_or_to_or_and__: 569:item-craft: burner-mining-drill --> item: burner-mining-drill,,,True,item-craft: burner-mining-drill --> item: burner-mining-drill,False,False,-6.1086115184181555e-28,5.1911468419999701e-28
268,132,__pr_graph_lp_or_cost_row__: entity: small-worm-turret,,,True,node-cost:entity: small-worm-turret,False,False,6.1009578034840892e-28,5.1846426539386161e-28
269,299,__pr_graph_lp_or_to_or_and__: 792:item: kerogen --> energy-source-burner: chemical__jerry__biomass__nuke_2_1,,,True,item: kerogen --> energy-source-burner: chemical__jerry__biomass__nuke_2_1,False,False,-6.001114306422266e-28,5.0997948529442371e-28
270,319,__pr_graph_lp_or_to_or_and__: 871:entity-build: burner-mining-drill --> entity: burner-mining-drill:noncoproduct-route,,,True,entity-build: burner-mining-drill --> entity: burner-mining-drill,False,False,-5.9359025865586697e-28,5.0443774127271582e-28
271,283,__pr_graph_lp_or_to_or_and__: 776:item: wood --> energy-source-burner: chemical__biomass__jerry_2_1,,,True,item: wood --> energy-source-burner: chemical__biomass__jerry_2_1,False,False,5.855749854896293e-28,4.9762629813883388e-28
272,41,__pr_graph_lp_explicit_zero_free_source__: 1148:room-autoplace: planet: nauvis --> entity: huge-rock,,,True,explicit-zero:room-autoplace: planet: nauvis --> entity: huge-rock,False,False,5.7741821298594349e-28,4.9069460773819995e-28
273,59,__pr_graph_lp_explicit_zero_free_source__: 1294:room-autoplace: planet: nauvis --> entity: dry-tree,,,True,explicit-zero:room-autoplace: planet: nauvis --> entity: dry-tree,False,False,-5.7287209225272252e-28,4.8683127804102486e-28
274,394,entity-mine: lab,entity-mine,lab,False,,True,False,-5.7198982525295265e-28,4.8608152050024055e-28
275,255,__pr_graph_lp_or_to_or_and__: 566:item-craft: stone-furnace --> item: stone-furnace,,,True,item-craft: stone-furnace --> item: stone-furnace,False,False,5.6853875467520447e-28,4.8314877316851374e-28
276,242,__pr_graph_lp_or_to_or_and__: 538:item: raw-coal --> fuel-category: chemical__1,,,True,item: raw-coal --> fuel-category: chemical__1,False,False,5.57468132032693e-28,4.7374086965453665e-28
277,165,__pr_graph_lp_or_cost_row__: item: automation-science-pack,,,True,node-cost:item: automation-science-pack,False,False,5.542502878433546e-28,4.7100631996985526e-28
278,307,__pr_graph_lp_or_to_or_and__: 850:entity-operate: character --> recipe-category: crafting__0__0:noncoproduct-route,,,True,entity-operate: character --> recipe-category: crafting__0__0,False,False,5.5324648626276316e-28,4.70153281371907e-28
279,274,__pr_graph_lp_or_to_or_and__: 645:item-craft: flora-collector-mk01 --> item: flora-collector-mk01,,,True,item-craft: flora-collector-mk01 --> item: flora-collector-mk01,False,False,5.4990802352794364e-28,4.673162290842079e-28
280,114,__pr_graph_lp_or_cost_row__: entity: ore-nexelit,,,True,node-cost:entity: ore-nexelit,False,False,-5.4899174406306054e-28,4.6653756747900099e-28
281,292,__pr_graph_lp_or_to_or_and__: 785:item: log --> energy-source-burner: biomass_2_1,,,True,item: log --> energy-source-burner: biomass_2_1,False,False,-5.3355707264307537e-28,4.5342106046957966e-28
282,407,entity-mine: tree-01,entity-mine,tree-01,False,,True,False,5.3282494606156115e-28,4.5279889345501137e-28
283,265,__pr_graph_lp_or_to_or_and__: 596:item-craft: automation-science-pack --> item: automation-science-pack,,,True,item-craft: automation-science-pack --> item: automation-science-pack,False,False,5.2844061676112565e-28,4.4907305540922622e-28
284,267,__pr_graph_lp_or_to_or_and__: 601:item-craft: underground-belt --> item: underground-belt,,,True,item-craft: underground-belt --> item: underground-belt,False,False,5.2408186961028996e-28,4.4536895727842937e-28
285,86,__pr_graph_lp_or_cost_row__: entity: character,,,True,node-cost:entity: character,False,False,-5.2067347951262524e-28,4.4247248015945587e-28
286,402,entity-mine: soil-extractor-mk01,entity-mine,soil-extractor-mk01,False,,True,False,-5.0873340606075393e-28,4.3232571040563458e-28
287,151,__pr_graph_lp_or_cost_row__: entity: tree-08,,,True,node-cost:entity: tree-08,False,False,5.0481696486114869e-28,4.2899748740374465e-28
288,129,__pr_graph_lp_or_cost_row__: entity: salt-rock,,,True,node-cost:entity: salt-rock,False,False,5.0476699668380028e-28,4.2895502404766764e-28
289,363,entity-build: boiler,entity-build,boiler,False,,False,False,-5.0203061412926946e-28,4.2662962430443193e-28
290,224,__pr_graph_lp_or_to_or_and__: 296:item: wooden-chest --> entity-build-item: wooden-chest,,,True,item: wooden-chest --> entity-build-item: wooden-chest,False,False,4.9819927356315548e-28,4.2337372050036102e-28
291,300,__pr_graph_lp_or_to_or_and__: 793:item: wood --> energy-source-burner: chemical__jerry__biomass__nuke_2_1,,,True,item: wood --> energy-source-burner: chemical__jerry__biomass__nuke_2_1,False,False,-4.9593459617183621e-28,4.2144917957110903e-28
292,14,__pr_graph_lp_explicit_zero_free_source__: 1052:room-autoplace: planet: nauvis --> entity: ore-tin,,,True,explicit-zero:room-autoplace: planet: nauvis --> entity: ore-tin,False,False,4.9487554084622969e-28,4.2054918589947852e-28
293,54,__pr_graph_lp_explicit_zero_free_source__: 1269:room-autoplace: planet: nauvis --> entity: tree-08-brown,,,True,explicit-zero:room-autoplace: planet: nauvis --> entity: tree-08-brown,False,False,-4.9222445226551852e-28,4.1829626965621664e-28
294,195,__pr_graph_lp_or_cost_row__: item: soil,,,True,node-cost:item: soil,False,False,-4.8985397368685465e-28,4.1628181803319931e-28
295,301,__pr_graph_lp_or_to_or_and__: 794:item: log --> energy-source-burner: chemical__jerry__biomass__nuke_2_1,,,True,item: log --> energy-source-burner: chemical__jerry__biomass__nuke_2_1,False,False,-4.8934145557762855e-28,4.1584627605182516e-28
296,34,__pr_graph_lp_explicit_zero_free_source__: 1112:room-autoplace: planet: nauvis --> entity: sulfur-patch,,,True,explicit-zero:room-autoplace: planet: nauvis --> entity: sulfur-patch,False,False,-4.8474760610477989e-28,4.1194238609062878e-28
297,202,__pr_graph_lp_or_cost_row__: item: underground-belt,,,True,node-cost:item: underground-belt,False,False,-4.7930191797573128e-28,4.0731459683796596e-28
298,245,__pr_graph_lp_or_to_or_and__: 541:item: log --> fuel-category: biomass__0,,,True,item: log --> fuel-category: biomass__0,False,False,-4.7463108732754814e-28,4.0334528765932119e-28
299,87,__pr_graph_lp_or_cost_row__: entity: chromium-rock,,,True,node-cost:entity: chromium-rock,False,False,-4.7416767332461917e-28,4.0295147473954555e-28
300,26,__pr_graph_lp_explicit_zero_free_source__: 1088:room-autoplace: planet: nauvis --> entity: tin-rock,,,True,explicit-zero:room-autoplace: planet: nauvis --> entity: tin-rock,False,False,-4.6952450897298797e-28,3.9900567660060959e-28
301,18,__pr_graph_lp_explicit_zero_free_source__: 1064:room-autoplace: planet: nauvis --> entity: chromium-rock,,,True,explicit-zero:room-autoplace: planet: nauvis --> entity: chromium-rock,False,False,4.5163311116540093e-28,3.838014238914978e-28
302,410,entity-mine: tree-03,entity-mine,tree-03,False,,True,False,4.5105286722638249e-28,3.8330832795921543e-28
303,312,__pr_graph_lp_or_to_or_and__: 857:entity-build: boiler --> entity: boiler:noncoproduct-route,,,True,entity-build: boiler --> entity: boiler,False,False,-4.5071407960096996e-28,3.830204235301212e-28
304,48,__pr_graph_lp_explicit_zero_free_source__: 1239:room-autoplace: planet: nauvis --> entity: tree-04,,,True,explicit-zero:room-autoplace: planet: nauvis --> entity: tree-04,False,False,-4.4814077218080083e-28,3.8083360633812444e-28
305,298,__pr_graph_lp_or_to_or_and__: 791:item: raw-coal --> energy-source-burner: chemical__jerry__biomass__nuke_2_1,,,True,item: raw-coal --> energy-source-burner: chemical__jerry__biomass__nuke_2_1,False,False,-4.4738555772625356e-28,3.8019181906470964e-28
306,119,__pr_graph_lp_or_cost_row__: entity: ore-zinc,,,True,node-cost:entity: ore-zinc,False,False,4.4547561050151793e-28,3.7856873066333093e-28
307,210,__pr_graph_lp_or_to_or_and__: 274:item: moss --> entity-operate-py-module: moss-farm-mk03,,,True,item: moss --> entity-operate-py-module: moss-farm-mk03,False,False,-4.3859260342296848e-28,3.7271949629124108e-28
308,276,__pr_graph_lp_or_to_or_and__: 665:item-craft: planter-box --> item: planter-box,,,True,item-craft: planter-box --> item: planter-box,False,False,-4.3322009082221304e-28,3.6815389218678517e-28
309,295,__pr_graph_lp_or_to_or_and__: 788:item: wood --> energy-source-burner: jerry__chemical__biomass_2_1,,,True,item: wood --> energy-source-burner: jerry__chemical__biomass_2_1,False,False,-4.2762793826204618e-28,3.6340163629112631e-28
310,385,entity-mine: dead-dry-hairy-tree,entity-mine,dead-dry-hairy-tree,False,,True,False,4.2552088659826904e-28,3.6161104696368778e-28
311,2,__pr_graph_lp_explicit_zero_free_source__: 1014:room-autoplace: planet: nauvis --> entity: uranium-ore,,,True,explicit-zero:room-autoplace: planet: nauvis --> entity: uranium-ore,False,False,4.1726335841128256e-28,3.5459373357891049e-28
312,65,__pr_graph_lp_explicit_zero_free_source__: 1322:room-autoplace: planet: nauvis --> entity: medium-worm-turret,,,True,explicit-zero:room-autoplace: planet: nauvis --> entity: medium-worm-turret,False,False,4.1681228437849217e-28,3.5421040726428597e-28
313,252,__pr_graph_lp_or_to_or_and__: 559:item-craft: iron-stick --> item: iron-stick,,,True,item-craft: iron-stick --> item: iron-stick,False,False,4.0847631972615739e-28,3.471264379449869e-28
314,388,entity-mine: dry-hairy-tree,entity-mine,dry-hairy-tree,False,,True,False,4.0407573284613913e-28,3.4338678407826518e-28
315,358,__pr_graph_lp_or_to_or_and__: 930:logic-and: smart-farm-yotoi-tree-recipe-yotoi-super-1 --> logic-or: smart-farm-yotoi-tree-recipe:noncoproduct-route,,,True,logic-and: smart-farm-yotoi-tree-recipe-yotoi-super-1 --> logic-or: smart-farm-yotoi-tree-recipe,False,False,-4.0339313139982822e-28,3.4280670391902156e-28
316,382,entity-mine: burner-inserter,entity-mine,burner-inserter,False,,True,False,-3.9716607027201444e-28,3.3751489765320715e-28
317,8,__pr_graph_lp_explicit_zero_free_source__: 1032:room-autoplace: planet: nauvis --> entity: ore-quartz,,,True,explicit-zero:room-autoplace: planet: nauvis --> entity: ore-quartz,False,False,-3.9184568228622589e-28,3.3299358946273428e-28
318,241,__pr_graph_lp_or_to_or_and__: 537:fluid-create-temperature: steam: 250 --> fluid-create: steam,,,True,fluid-create-temperature: steam: 250 --> fluid-create: steam,False,False,3.8112850806605536e-28,3.238860492401391e-28
319,249,__pr_graph_lp_or_to_or_and__: 553:item-craft: iron-plate --> item: iron-plate,,,True,item-craft: iron-plate --> item: iron-plate,False,False,-3.7985610859049211e-28,3.2280475400644858e-28
320,43,__pr_graph_lp_explicit_zero_free_source__: 1158:room-autoplace: planet: nauvis --> entity: big-sand-rock,,,True,explicit-zero:room-autoplace: planet: nauvis --> entity: big-sand-rock,False,False,3.7806369285524046e-28,3.2128154480325275e-28
321,234,__pr_graph_lp_or_to_or_and__: 339:item: offshore-pump --> entity-build-item: offshore-pump,,,True,item: offshore-pump --> entity-build-item: offshore-pump,False,False,3.7581405309488942e-28,3.1936978297286413e-28
322,20,__pr_graph_lp_explicit_zero_free_source__: 1070:room-autoplace: planet: nauvis --> entity: copper-rock,,,True,explicit-zero:room-autoplace: planet: nauvis --> entity: copper-rock,False,False,3.7524494241764989e-28,3.1888614817533402e-28
323,133,__pr_graph_lp_or_cost_row__: entity: soil-extractor-mk01,,,True,node-cost:entity: soil-extractor-mk01,False,False,3.7214129642145536e-28,3.1624864502699118e-28
324,101,__pr_graph_lp_or_cost_row__: entity: iron-rock,,,True,node-cost:entity: iron-rock,False,False,-3.7061202068877146e-28,3.1494905429899463e-28
325,142,__pr_graph_lp_or_cost_row__: entity: tree-01,,,True,node-cost:entity: tree-01,False,False,3.660990165482481e-28,3.1111386734671039e-28
326,68,__pr_graph_lp_explicit_zero_free_source__: 1360:room-autoplace: planet: nauvis --> entity: biter-spawner,,,True,explicit-zero:room-autoplace: planet: nauvis --> entity: biter-spawner,False,False,3.6520660089963048e-28,3.1035548540310425e-28
327,318,__pr_graph_lp_or_to_or_and__: 869:entity-build: lab --> entity: lab:noncoproduct-route,,,True,entity-build: lab --> entity: lab,False,False,3.6080031076758725e-28,3.0661098486727462e-28
328,49,__pr_graph_lp_explicit_zero_free_source__: 1244:room-autoplace: planet: nauvis --> entity: tree-05,,,True,explicit-zero:room-autoplace: planet: nauvis --> entity: tree-05,False,False,-3.5539112281920662e-28,3.0201421375957588e-28
329,291,__pr_graph_lp_or_to_or_and__: 784:item: wood --> energy-source-burner: biomass_2_1,,,True,item: wood --> energy-source-burner: biomass_2_1,False,False,-3.5323784156846833e-28,3.0018433816002189e-28
330,158,__pr_graph_lp_or_cost_row__: entity: uranium-ore,,,True,node-cost:entity: uranium-ore,False,False,3.4795049596332106e-28,2.9569110964844182e-28
331,357,__pr_graph_lp_or_to_or_and__: 928:entity-operate: offshore-pump --> tile-fluid-pump: water-mud:noncoproduct-route,,,True,entity-operate: offshore-pump --> tile-fluid-pump: water-mud,False,False,3.4417078928209258e-28,2.9247908473201263e-28
332,372,entity-build: soil-extractor-mk01,entity-build,soil-extractor-mk01,False,,False,False,3.3236907872145548e-28,2.8244989686790804e-28
333,22,__pr_graph_lp_explicit_zero_free_source__: 1076:room-autoplace: planet: nauvis --> entity: iron-rock,,,True,explicit-zero:room-autoplace: planet: nauvis --> entity: iron-rock,False,False,-3.3201432641924765e-28,2.8214842552900463e-28
334,294,__pr_graph_lp_or_to_or_and__: 787:item: kerogen --> energy-source-burner: jerry__chemical__biomass_2_1,,,True,item: kerogen --> energy-source-burner: jerry__chemical__biomass_2_1,False,False,-3.2985638099585772e-28,2.8031458627829064e-28
335,422,entity-mine: underground-belt,entity-mine,underground-belt,False,,True,False,-3.2944781813847978e-28,2.799673862999582e-28
336,216,__pr_graph_lp_or_to_or_and__: 280:item: seaweed --> entity-operate-py-module: seaweed-crop-mk01,,,True,item: seaweed --> entity-operate-py-module: seaweed-crop-mk01,False,False,3.2235318676933959e-28,2.7393831191602959e-28
337,186,__pr_graph_lp_or_cost_row__: item: offshore-pump,,,True,node-cost:item: offshore-pump,False,False,3.2208084208180241e-28,2.7370687122604932e-28
338,418,entity-mine: tree-08-red,entity-mine,tree-08-red,False,,True,False,3.2146820660704154e-28,2.731862487080658e-28
339,406,entity-mine: transport-belt,entity-mine,transport-belt,False,,True,False,3.1857236903906305e-28,2.707253428212483e-28
340,96,__pr_graph_lp_or_cost_row__: entity: fish,,,True,node-cost:entity: fish,False,False,3.1104468901174266e-28,2.6432826022996092e-28
341,281,__pr_graph_lp_or_to_or_and__: 774:item: raw-coal --> energy-source-burner: chemical__biomass__jerry_2_1,,,True,item: raw-coal --> energy-source-burner: chemical__biomass__jerry_2_1,False,False,3.0255537773016845e-28,2.5711397572075207e-28
342,102,__pr_graph_lp_or_cost_row__: entity: lab,,,True,node-cost:entity: lab,False,False,-3.0109568122020927e-28,2.5587351397177591e-28
343,313,__pr_graph_lp_or_to_or_and__: 859:entity-build: wooden-chest --> entity: wooden-chest:noncoproduct-route,,,True,entity-build: wooden-chest --> entity: wooden-chest,False,False,3.0014477949293922e-28,2.5506543009155422e-28
344,459,entity-operate: offshore-pump,entity-operate,offshore-pump,False,,False,False,-2.9969494991507126e-28,2.5468316132465903e-28
345,19,__pr_graph_lp_explicit_zero_free_source__: 1067:room-autoplace: planet: nauvis --> entity: aluminium-rock,,,True,explicit-zero:room-autoplace: planet: nauvis --> entity: aluminium-rock,False,False,2.9949886502252502e-28,2.5451652681735141e-28
346,62,__pr_graph_lp_explicit_zero_free_source__: 1309:room-autoplace: planet: nauvis --> entity: dead-dry-hairy-tree,,,True,explicit-zero:room-autoplace: planet: nauvis --> entity: dead-dry-hairy-tree,False,False,-2.9896112299617627e-28,2.5405954934980837e-28
347,244,__pr_graph_lp_or_to_or_and__: 540:item: wood --> fuel-category: biomass__0,,,True,item: wood --> fuel-category: biomass__0,False,False,-2.94311856252941e-28,2.5010856534976328e-28
348,72,__pr_graph_lp_explicit_zero_free_source__: 699:room-autoplace: planet: nauvis --> entity: seaweed,,,True,explicit-zero:room-autoplace: planet: nauvis --> entity: seaweed,False,False,2.9426422897043459e-28,2.5006809130481367e-28
349,83,__pr_graph_lp_or_cost_row__: entity: borax,,,True,node-cost:entity: borax,False,False,2.8807321511218993e-28,2.4480691829649521e-28
350,69,__pr_graph_lp_explicit_zero_free_source__: 1363:room-autoplace: planet: nauvis --> entity: spitter-spawner,,,True,explicit-zero:room-autoplace: planet: nauvis --> entity: spitter-spawner,False,False,-2.8388611456847378e-28,2.412486868229251e-28
351,138,__pr_graph_lp_or_cost_row__: entity: sulfur-patch,,,True,node-cost:entity: sulfur-patch,False,False,-2.8312348229387026e-28,2.4060059582679959e-28
352,4,__pr_graph_lp_explicit_zero_free_source__: 1020:room-autoplace: planet: nauvis --> entity: niobium,,,True,explicit-zero:room-autoplace: planet: nauvis --> entity: niobium,False,False,2.8185253932285387e-28,2.395205383423023e-28
353,1,__pr_graph_lp_explicit_zero_free_source__: 1009:room-autoplace: planet: nauvis --> entity: stone,,,True,explicit-zero:room-autoplace: planet: nauvis --> entity: stone,False,False,-2.7912422287986662e-28,2.3720199324505941e-28
354,135,__pr_graph_lp_or_cost_row__: entity: steam-engine,,,True,node-cost:entity: steam-engine,False,False,2.7792797394085405e-28,2.3618541134534663e-28
355,367,entity-build: lab,entity-build,lab,False,,False,False,2.7305833856732082e-28,2.3204715632376122e-28
356,92,__pr_graph_lp_or_cost_row__: entity: dead-grey-trunk,,,True,node-cost:entity: dead-grey-trunk,False,False,2.6122208185369575e-28,2.2198861086301685e-28
357,355,__pr_graph_lp_or_to_or_and__: 926:entity-operate: offshore-pump --> tile-fluid-pump: water-green:noncoproduct-route,,,True,entity-operate: offshore-pump --> tile-fluid-pump: water-green,False,False,2.5264970158631285e-28,2.147037336664111e-28
358,293,__pr_graph_lp_or_to_or_and__: 786:item: raw-coal --> energy-source-burner: jerry__chemical__biomass_2_1,,,True,item: raw-coal --> energy-source-burner: jerry__chemical__biomass_2_1,False,False,-2.4945864534799903e-28,2.1199194859639628e-28
359,209,__pr_graph_lp_or_to_or_and__: 273:item: moss --> entity-operate-py-module: moss-farm-mk02,,,True,item: moss --> entity-operate-py-module: moss-farm-mk02,False,False,2.492859322623274e-28,2.1184517563718074e-28
360,230,__pr_graph_lp_or_to_or_and__: 322:item: burner-inserter --> entity-build-item: burner-inserter,,,True,item: burner-inserter --> entity-build-item: burner-inserter,False,False,-2.4878430550775675e-28,2.1141888921595378e-28
361,35,__pr_graph_lp_explicit_zero_free_source__: 1115:room-autoplace: planet: nauvis --> entity: bitumen-seep,,,True,explicit-zero:room-autoplace: planet: nauvis --> entity: bitumen-seep,False,False,-2.4740438774106034e-28,2.1024622407998836e-28
362,314,__pr_graph_lp_or_to_or_and__: 861:entity-build: small-electric-pole --> entity: small-electric-pole:noncoproduct-route,,,True,entity-build: small-electric-pole --> entity: small-electric-pole,False,False,-2.4689538843716471e-28,2.0981367240747961e-28
363,289,__pr_graph_lp_or_to_or_and__: 782:item: raw-coal --> energy-source-burner: chemical_2_1,,,True,item: raw-coal --> energy-source-burner: chemical_2_1,False,False,2.4444173672534239e-28,2.0772853959181604e-28
364,115,__pr_graph_lp_or_cost_row__: entity: ore-nickel,,,True,node-cost:entity: ore-nickel,False,False,-2.4379174846969185e-28,2.0717617438239261e-28
365,42,__pr_graph_lp_explicit_zero_free_source__: 1153:room-autoplace: planet: nauvis --> entity: big-rock,,,True,explicit-zero:room-autoplace: planet: nauvis --> entity: big-rock,False,False,-2.3716030064673103e-28,2.0154071707425379e-28
366,39,__pr_graph_lp_explicit_zero_free_source__: 1129:room-autoplace: planet: nauvis --> entity: ree,,,True,explicit-zero:room-autoplace: planet: nauvis --> entity: ree,False,False,2.3507903557412887e-28,1.9977204139788647e-28
367,297,__pr_graph_lp_or_to_or_and__: 790:item: fish --> energy-source-burner: fish_2_0,,,True,item: fish --> energy-source-burner: fish_2_0,False,False,-2.3098055917394794e-28,1.9628912342910392e-28
368,97,__pr_graph_lp_or_cost_row__: entity: flora-collector-mk01,,,True,node-cost:entity: flora-collector-mk01,False,False,2.230144954119093e-28,1.8951949883981823e-28
369,305,__pr_graph_lp_or_to_or_and__: 798:item: log --> energy-source-burner: chemical__biomass__nuke_2_1,,,True,item: log --> energy-source-burner: chemical__biomass__nuke_2_1,False,False,2.0680961165376282e-28,1.7574845923573772e-28
370,253,__pr_graph_lp_or_to_or_and__: 561:item-craft: iron-gear-wheel --> item: iron-gear-wheel,,,True,item-craft: iron-gear-wheel --> item: iron-gear-wheel,False,False,2.050538110333249e-28,1.7425636584946062e-28
371,238,__pr_graph_lp_or_to_or_and__: 526:item: underground-belt --> entity-build-item: underground-belt,,,True,item: underground-belt --> entity-build-item: underground-belt,False,False,2.0296490458170276e-28,1.7248119646819021e-28
372,237,__pr_graph_lp_or_to_or_and__: 454:item: transport-belt --> entity-build-item: transport-belt,,,True,item: transport-belt --> entity-build-item: transport-belt,False,False,-1.9970114914141651e-28,1.6970763103587908e-28
373,199,__pr_graph_lp_or_cost_row__: item: stone-brick,,,True,node-cost:item: stone-brick,False,False,1.977758512764179e-28,1.6807149753783909e-28
374,139,__pr_graph_lp_or_cost_row__: entity: tin-rock,,,True,node-cost:entity: tin-rock,False,False,1.9680186294979426e-28,1.6724379448115389e-28
375,134,__pr_graph_lp_or_cost_row__: entity: spitter-spawner,,,True,node-cost:entity: spitter-spawner,False,False,-1.966243218981447e-28,1.6709291867790187e-28
376,177,__pr_graph_lp_or_cost_row__: item: iron-gear-wheel,,,True,node-cost:item: iron-gear-wheel,False,False,1.9656294794327927e-28,1.6704076260102251e-28
377,257,__pr_graph_lp_or_to_or_and__: 572:item-craft: burner-inserter --> item: burner-inserter,,,True,item-craft: burner-inserter --> item: burner-inserter,False,False,1.9055073972618668e-28,1.6193154005421231e-28
378,64,__pr_graph_lp_explicit_zero_free_source__: 1319:room-autoplace: planet: nauvis --> entity: small-worm-turret,,,True,explicit-zero:room-autoplace: planet: nauvis --> entity: small-worm-turret,False,False,-1.8837698376427514e-28,1.6008426488162486e-28
379,111,__pr_graph_lp_or_cost_row__: entity: ore-bioreserve,,,True,node-cost:entity: ore-bioreserve,False,False,-1.8498525762117102e-28,1.5720194892428877e-28
380,353,__pr_graph_lp_or_to_or_and__: 924:entity-operate: offshore-pump --> tile-fluid-pump: deepwater-green:noncoproduct-route,,,True,entity-operate: offshore-pump --> tile-fluid-pump: deepwater-green,False,False,-1.832935092155078e-28,1.5576428762154623e-28
381,296,__pr_graph_lp_or_to_or_and__: 789:item: log --> energy-source-burner: jerry__chemical__biomass_2_1,,,True,item: log --> energy-source-burner: jerry__chemical__biomass_2_1,False,False,-1.8292233729720242e-28,1.5544886276178219e-28
382,51,__pr_graph_lp_explicit_zero_free_source__: 1254:room-autoplace: planet: nauvis --> entity: tree-06-brown,,,True,explicit-zero:room-autoplace: planet: nauvis --> entity: tree-06-brown,False,False,-1.7904420794672406e-28,1.5215319747517769e-28
383,61,__pr_graph_lp_explicit_zero_free_source__: 1304:room-autoplace: planet: nauvis --> entity: dead-grey-trunk,,,True,explicit-zero:room-autoplace: planet: nauvis --> entity: dead-grey-trunk,False,False,-1.7430279561916832e-28,1.4812390742184911e-28
384,303,__pr_graph_lp_or_to_or_and__: 796:item: kerogen --> energy-source-burner: chemical__biomass__nuke_2_1,,,True,item: kerogen --> energy-source-burner: chemical__biomass__nuke_2_1,False,False,1.6836777385727909e-28,1.4308027854095888e-28
385,159,__pr_graph_lp_or_cost_row__: entity: uranium-rock,,,True,node-cost:entity: uranium-rock,False,False,1.6821761612365884e-28,1.4295267330000777e-28
386,217,__pr_graph_lp_or_to_or_and__: 281:item: seaweed --> entity-operate-py-module: seaweed-crop-mk02,,,True,item: seaweed --> entity-operate-py-module: seaweed-crop-mk02,False,False,1.6537665158862725e-28,1.4053839895471723e-28
387,317,__pr_graph_lp_or_to_or_and__: 867:entity-build: burner-inserter --> entity: burner-inserter:noncoproduct-route,,,True,entity-build: burner-inserter --> entity: burner-inserter,False,False,1.6419533320156787e-28,1.395345051572659e-28
388,290,__pr_graph_lp_or_to_or_and__: 783:item: kerogen --> energy-source-burner: chemical_2_1,,,True,item: kerogen --> energy-source-burner: chemical_2_1,False,False,1.6404400107748368e-28,1.3940590190992168e-28
389,378,entity-build: wpu-mk01,entity-build,wpu-mk01,False,,False,False,1.6347568331589556e-28,1.3892294093844306e-28
390,420,entity-mine: tree-09-brown,entity-mine,tree-09-brown,False,,True,False,1.6327532038738326e-28,1.3875267092201392e-28
391,36,__pr_graph_lp_explicit_zero_free_source__: 1118:room-autoplace: planet: nauvis --> entity: ore-bioreserve,,,True,explicit-zero:room-autoplace: planet: nauvis --> entity: ore-bioreserve,False,False,1.55546649300435e-28,1.3218478452346006e-28
392,163,__pr_graph_lp_or_cost_row__: entity: zinc-rock,,,True,node-cost:entity: zinc-rock,False,False,-1.5527474270763827e-28,1.3195371612988815e-28
393,302,__pr_graph_lp_or_to_or_and__: 795:item: raw-coal --> energy-source-burner: chemical__biomass__nuke_2_1,,,True,item: raw-coal --> energy-source-burner: chemical__biomass__nuke_2_1,False,False,-1.5513127396802008e-28,1.3183179524944763e-28
394,364,entity-build: burner-inserter,entity-build,burner-inserter,False,,False,False,1.4930838634986098e-28,1.2688345885922407e-28
395,23,__pr_graph_lp_explicit_zero_free_source__: 1079:room-autoplace: planet: nauvis --> entity: coal-rock,,,True,explicit-zero:room-autoplace: planet: nauvis --> entity: coal-rock,False,False,-1.4344486678026298e-28,1.2190059311224566e-28
396,147,__pr_graph_lp_or_cost_row__: entity: tree-05,,,True,node-cost:entity: tree-05,False,False,1.3842909874384355e-28,1.1763815338695672e-28
397,32,__pr_graph_lp_explicit_zero_free_source__: 1106:room-autoplace: planet: nauvis --> entity: rare-earth-bolide,,,True,explicit-zero:room-autoplace: planet: nauvis --> entity: rare-earth-bolide,False,False,-1.37110563122695e-28,1.1651765128837797e-28
398,404,entity-mine: stone,entity-mine,stone,False,,True,False,-1.2989924156909723e-28,1.1038941265399526e-28
399,148,__pr_graph_lp_or_cost_row__: entity: tree-06,,,True,node-cost:entity: tree-06,False,False,-1.2634276006321859e-28,1.073670862738993e-28
400,13,__pr_graph_lp_explicit_zero_free_source__: 1049:room-autoplace: planet: nauvis --> entity: ore-nickel,,,True,explicit-zero:room-autoplace: planet: nauvis --> entity: ore-nickel,False,False,1.2579763531117589e-28,1.0690383490711485e-28
401,408,entity-mine: tree-02,entity-mine,tree-02,False,,True,False,1.2453615366768145e-28,1.0583181773428884e-28
402,401,entity-mine: small-electric-pole,entity-mine,small-electric-pole,False,,True,False,-1.2217660944123603e-28,1.0382665821109112e-28
403,0,__pr_graph_lp_explicit_zero_free_source__: 1004:room-autoplace: planet: nauvis --> entity: copper-ore,,,True,explicit-zero:room-autoplace: planet: nauvis --> entity: copper-ore,False,False,1.1925671991357659e-28,1.0134531277689608e-28
404,354,__pr_graph_lp_or_to_or_and__: 925:entity-operate: offshore-pump --> tile-fluid-pump: water:noncoproduct-route,,,True,entity-operate: offshore-pump --> tile-fluid-pump: water,False,False,-1.1706124107936151e-28,9.9479577333980794e-29
405,374,entity-build: stone-furnace,entity-build,stone-furnace,False,,False,False,1.1650166725196178e-28,9.9004047027590619e-29
406,563,tile-fluid: deepwater,tile-fluid,deepwater,False,,False,False,1.159461041415162e-28,9.8531925060491276e-29
407,28,__pr_graph_lp_explicit_zero_free_source__: 1094:room-autoplace: planet: nauvis --> entity: uranium-rock,,,True,explicit-zero:room-autoplace: planet: nauvis --> entity: uranium-rock,False,False,-1.1589289133334703e-28,9.8486704391236333e-29
408,387,entity-mine: dead-tree-desert,entity-mine,dead-tree-desert,False,,True,False,-1.1520242276734388e-28,9.7899938690863934e-29
409,335,__pr_graph_lp_or_to_or_and__: 897:fluid-temperature: steam: 250 --> fluid-temperature-range: steam: 250: nil:noncoproduct-route,,,True,fluid-temperature: steam: 250 --> fluid-temperature-range: steam: 250: nil,False,False,1.1452524486289524e-28,9.7324467500798631e-29
410,196,__pr_graph_lp_or_cost_row__: item: soil-extractor-mk01,,,True,node-cost:item: soil-extractor-mk01,False,False,1.1434702018269712e-28,9.7173010744547665e-29
411,106,__pr_graph_lp_or_cost_row__: entity: nickel-rock,,,True,node-cost:entity: nickel-rock,False,False,-1.0951925408920143e-28,9.3070336571439579e-29
412,21,__pr_graph_lp_explicit_zero_free_source__: 1073:room-autoplace: planet: nauvis --> entity: salt-rock,,,True,explicit-zero:room-autoplace: planet: nauvis --> entity: salt-rock,False,False,-1.0242804267102293e-28,8.7044168489144533e-29
413,330,__pr_graph_lp_or_to_or_and__: 890:tile-fluid: deepwater --> fluid-create-offshore-temperature: water: 15:noncoproduct-route,,,True,tile-fluid: deepwater --> fluid-create-offshore-temperature: water: 15,False,False,-1.0042872026219566e-28,8.5345128342716767e-29
414,266,__pr_graph_lp_or_to_or_and__: 598:item-craft: transport-belt --> item: transport-belt,,,True,item-craft: transport-belt --> item: transport-belt,False,False,-9.8626798951390095e-29,8.3813841225518817e-29
415,250,__pr_graph_lp_or_to_or_and__: 555:item-craft: copper-plate --> item: copper-plate,,,True,item-craft: copper-plate --> item: copper-plate,False,False,-9.7993314275399555e-29,8.3275500889861781e-29
416,52,__pr_graph_lp_explicit_zero_free_source__: 1259:room-autoplace: planet: nauvis --> entity: tree-07,,,True,explicit-zero:room-autoplace: planet: nauvis --> entity: tree-07,False,False,9.7687574960180372e-29,8.3015681178641009e-29
417,16,__pr_graph_lp_explicit_zero_free_source__: 1058:room-autoplace: planet: nauvis --> entity: ore-zinc,,,True,explicit-zero:room-autoplace: planet: nauvis --> entity: ore-zinc,False,False,9.5709362608185852e-29,8.1334580527061037e-29
418,46,__pr_graph_lp_explicit_zero_free_source__: 1229:room-autoplace: planet: nauvis --> entity: tree-02-red,,,True,explicit-zero:room-autoplace: planet: nauvis --> entity: tree-02-red,False,False,9.5043326928144063e-29,8.0768578088260745e-29
419,105,__pr_graph_lp_or_cost_row__: entity: molybdenum-ore,,,True,node-cost:entity: molybdenum-ore,False,False,-9.499583045980888e-29,8.0728215210238307e-29
420,78,__pr_graph_lp_or_cost_row__: entity: big-sand-rock,,,True,node-cost:entity: big-sand-rock,False,False,-8.8882162403310827e-29,7.5532771281804581e-29
421,346,__pr_graph_lp_or_to_or_and__: 912:item-burn: raw-coal --> item: ash:noncoproduct-route,,,True,item-burn: raw-coal --> item: ash,False,False,8.661578243911089e-29,7.3606783492524584e-29
422,240,__pr_graph_lp_or_to_or_and__: 535:fluid-create-offshore-temperature: water: 15 --> fluid-create-temperature: water: 15,,,True,fluid-create-offshore-temperature: water: 15 --> fluid-create-temperature: water: 15,False,False,8.4924018079620917e-29,7.216910863209269e-29
423,161,__pr_graph_lp_or_cost_row__: entity: wooden-chest,,,True,node-cost:entity: wooden-chest,False,False,-8.3443827650876155e-29,7.091123098730071e-29
424,53,__pr_graph_lp_explicit_zero_free_source__: 1264:room-autoplace: planet: nauvis --> entity: tree-08,,,True,explicit-zero:room-autoplace: planet: nauvis --> entity: tree-08,False,False,-8.2886291505280862e-29,7.0437432319177629e-29
425,188,__pr_graph_lp_or_cost_row__: item: pipe-to-ground,,,True,node-cost:item: pipe-to-ground,False,False,-8.2394552026220447e-29,7.0019548183623337e-29
426,55,__pr_graph_lp_explicit_zero_free_source__: 1274:room-autoplace: planet: nauvis --> entity: tree-08-red,,,True,explicit-zero:room-autoplace: planet: nauvis --> entity: tree-08-red,False,False,8.182750593799187e-29,6.9537667890319223e-29
427,369,entity-build: pipe,entity-build,pipe,False,,False,False,-8.0835724344265652e-29,6.8694843973181538e-29
428,309,__pr_graph_lp_or_to_or_and__: 852:entity-operate: character --> recipe-category: wpu-handcrafting__0__0:noncoproduct-route,,,True,entity-operate: character --> recipe-category: wpu-handcrafting__0__0,False,False,-7.5940588370165612e-29,6.4534918337627261e-29
429,322,__pr_graph_lp_or_to_or_and__: 877:entity-build: pipe --> entity: pipe:noncoproduct-route,,,True,entity-build: pipe --> entity: pipe,False,False,7.4807781899840395e-29,6.3572250354355551e-29
430,214,__pr_graph_lp_or_to_or_and__: 278:item: fish --> entity-operate-py-module: fish-farm-mk03,,,True,item: fish --> entity-operate-py-module: fish-farm-mk03,False,False,7.1531687530488522e-29,6.0788199201605414e-29
431,3,__pr_graph_lp_explicit_zero_free_source__: 1017:room-autoplace: planet: nauvis --> entity: borax,,,True,explicit-zero:room-autoplace: planet: nauvis --> entity: borax,False,False,6.7831592988248075e-29,5.7643829316544084e-29
432,416,entity-mine: tree-08,entity-mine,tree-08,False,,True,False,6.6778969814069564e-29,5.6749301738554026e-29
433,150,__pr_graph_lp_or_cost_row__: entity: tree-07,,,True,node-cost:entity: tree-07,False,False,6.2848734606779283e-29,5.3409356478796322e-29
434,47,__pr_graph_lp_explicit_zero_free_source__: 1234:room-autoplace: planet: nauvis --> entity: tree-03,,,True,explicit-zero:room-autoplace: planet: nauvis --> entity: tree-03,False,False,6.0794795258699268e-29,5.1663902421307641e-29
435,136,__pr_graph_lp_or_cost_row__: entity: stone,,,True,node-cost:entity: stone,False,False,-6.0534060186085837e-29,5.1442327674785478e-29
436,58,__pr_graph_lp_explicit_zero_free_source__: 1289:room-autoplace: planet: nauvis --> entity: tree-09-red,,,True,explicit-zero:room-autoplace: planet: nauvis --> entity: tree-09-red,False,False,5.042557483294698e-29,4.2852056111414203e-29
437,215,__pr_graph_lp_or_to_or_and__: 279:item: fish --> entity-operate-py-module: fish-farm-mk04,,,True,item: fish --> entity-operate-py-module: fish-farm-mk04,False,False,-4.9780079464370419e-29,4.2303508993299293e-29
438,350,__pr_graph_lp_or_to_or_and__: 919:entity-operate: wpu-mk01 --> recipe-category: wpu-handcrafting__0__0:noncoproduct-route,,,True,entity-operate: wpu-mk01 --> recipe-category: wpu-handcrafting__0__0,False,False,4.7833008820475838e-29,4.0648872813910761e-29
439,386,entity-mine: dead-grey-trunk,entity-mine,dead-grey-trunk,False,,True,False,-4.6239452306385402e-29,3.9294655764630924e-29
440,152,__pr_graph_lp_or_cost_row__: entity: tree-08-brown,,,True,node-cost:entity: tree-08-brown,False,False,4.6090430633375055e-29,3.9168015957056855e-29
441,71,__pr_graph_lp_explicit_zero_free_source__: 694:room-autoplace: planet: nauvis --> entity: fish,,,True,explicit-zero:room-autoplace: planet: nauvis --> entity: fish,False,False,4.5853665344064077e-29,3.8966810923769654e-29
442,149,__pr_graph_lp_or_cost_row__: entity: tree-06-brown,,,True,node-cost:entity: tree-06-brown,False,False,-4.5265816592948968e-29,3.8467252361447613e-29
443,79,__pr_graph_lp_or_cost_row__: entity: big-worm-turret,,,True,node-cost:entity: big-worm-turret,False,False,3.9663516881414182e-29,3.3706373335537303e-29
444,27,__pr_graph_lp_explicit_zero_free_source__: 1091:room-autoplace: planet: nauvis --> entity: titanium-rock,,,True,explicit-zero:room-autoplace: planet: nauvis --> entity: titanium-rock,False,False,3.855419585005618e-29,3.2763663465817273e-29
445,67,__pr_graph_lp_explicit_zero_free_source__: 1328:room-autoplace: planet: nauvis --> entity: behemoth-worm-turret,,,True,explicit-zero:room-autoplace: planet: nauvis --> entity: behemoth-worm-turret,False,False,3.5798850293479952e-29,3.0422148812034994e-29
446,213,__pr_graph_lp_or_to_or_and__: 277:item: fish --> entity-operate-py-module: fish-farm-mk02,,,True,item: fish --> entity-operate-py-module: fish-farm-mk02,False,False,3.4311134422190681e-29,2.9157875986082492e-29
447,45,__pr_graph_lp_explicit_zero_free_source__: 1224:room-autoplace: planet: nauvis --> entity: tree-02,,,True,explicit-zero:room-autoplace: planet: nauvis --> entity: tree-02,False,False,3.3622550109847151e-29,2.857271153951469e-29
448,336,__pr_graph_lp_or_to_or_and__: 898:fluid-temperature: steam: 250 --> fluid-temperature-range: steam: 250: 250:noncoproduct-route,,,True,fluid-temperature: steam: 250 --> fluid-temperature-range: steam: 250: 250,False,False,3.1958755262145851e-29,2.7158805393520814e-29
449,44,__pr_graph_lp_explicit_zero_free_source__: 1219:room-autoplace: planet: nauvis --> entity: tree-01,,,True,explicit-zero:room-autoplace: planet: nauvis --> entity: tree-01,False,False,3.0608036229659216e-29,2.6010953575021481e-29
450,88,__pr_graph_lp_or_cost_row__: entity: coal-rock,,,True,node-cost:entity: coal-rock,False,False,3.0381724262714042e-29,2.5818631858544336e-29
451,5,__pr_graph_lp_explicit_zero_free_source__: 1023:room-autoplace: planet: nauvis --> entity: molybdenum-ore,,,True,explicit-zero:room-autoplace: planet: nauvis --> entity: molybdenum-ore,False,False,-2.9344419997408624e-29,2.4937122411627055e-29
452,334,__pr_graph_lp_or_to_or_and__: 896:fluid-temperature: steam: 250 --> fluid-temperature-range: steam: nil: 500:noncoproduct-route,,,True,fluid-temperature: steam: 250 --> fluid-temperature-range: steam: nil: 500,False,False,-2.884788696860054e-29,2.4515164679223531e-29
453,180,__pr_graph_lp_or_cost_row__: item: iron-stick,,,True,node-cost:item: iron-stick,False,False,-2.8140427988122624e-29,2.3913960388972077e-29
454,219,__pr_graph_lp_or_to_or_and__: 283:item: seaweed --> entity-operate-py-module: seaweed-crop-mk04,,,True,item: seaweed --> entity-operate-py-module: seaweed-crop-mk04,False,False,-2.8123129429973369e-29,2.3899259936138091e-29
455,259,__pr_graph_lp_or_to_or_and__: 578:item-craft: pipe --> item: pipe,,,True,item-craft: pipe --> item: pipe,False,False,2.4657394226758609e-29,2.0954050488601426e-29
456,50,__pr_graph_lp_explicit_zero_free_source__: 1249:room-autoplace: planet: nauvis --> entity: tree-06,,,True,explicit-zero:room-autoplace: planet: nauvis --> entity: tree-06,False,False,-1.8409084264598961e-29,1.5644186793700529e-29
457,81,__pr_graph_lp_or_cost_row__: entity: bitumen-seep,,,True,node-cost:entity: bitumen-seep,False,False,-1.834332695847496e-29,1.5588305709923175e-29
458,211,__pr_graph_lp_or_to_or_and__: 275:item: moss --> entity-operate-py-module: moss-farm-mk04,,,True,item: moss --> entity-operate-py-module: moss-farm-mk04,False,False,-1.7472713101124433e-29,1.4848451102610229e-29
459,218,__pr_graph_lp_or_to_or_and__: 282:item: seaweed --> entity-operate-py-module: seaweed-crop-mk03,,,True,item: seaweed --> entity-operate-py-module: seaweed-crop-mk03,False,False,1.6740643299241728e-29,1.4226332339826139e-29
460,517,fluid-temperature: water: 15,fluid-temperature,water: 15,False,,False,False,1.6241670064483925e-29,1.3802300900922945e-29
461,29,__pr_graph_lp_explicit_zero_free_source__: 1097:room-autoplace: planet: nauvis --> entity: zinc-rock,,,True,explicit-zero:room-autoplace: planet: nauvis --> entity: zinc-rock,False,False,1.5121012370505665e-29,1.284995704479168e-29
462,262,__pr_graph_lp_or_to_or_and__: 587:item-craft: small-electric-pole --> item: small-electric-pole,,,True,item-craft: small-electric-pole --> item: small-electric-pole,False,False,1.4589030515137255e-29,1.2397874616539287e-29
463,227,__pr_graph_lp_or_to_or_and__: 315:item: steam-engine --> entity-build-item: steam-engine,,,True,item: steam-engine --> entity-build-item: steam-engine,False,False,1.4183954534172459e-29,1.2053637813623398e-29
464,212,__pr_graph_lp_or_to_or_and__: 276:item: fish --> entity-operate-py-module: fish-farm-mk01,,,True,item: fish --> entity-operate-py-module: fish-farm-mk01,False,False,-1.2811416285820537e-29,1.0887243851268217e-29
465,352,__pr_graph_lp_or_to_or_and__: 923:entity-operate: offshore-pump --> tile-fluid-pump: deepwater:noncoproduct-route,,,True,entity-operate: offshore-pump --> tile-fluid-pump: deepwater,False,False,-1.2653966341911539e-29,1.075344163178972e-29
466,60,__pr_graph_lp_explicit_zero_free_source__: 1299:room-autoplace: planet: nauvis --> entity: dead-tree-desert,,,True,explicit-zero:room-autoplace: planet: nauvis --> entity: dead-tree-desert,False,False,-7.7644947073534972e-30,6.5983295972046231e-30
467,66,__pr_graph_lp_explicit_zero_free_source__: 1325:room-autoplace: planet: nauvis --> entity: big-worm-turret,,,True,explicit-zero:room-autoplace: planet: nauvis --> entity: big-worm-turret,False,False,6.7890385518993147e-30,5.769379167859481e-30
468,167,__pr_graph_lp_or_cost_row__: item: bolts,,,True,node-cost:item: bolts,False,False,2.49998314609475e-30,2.1245056384373826e-30
469,475,entity-operate: quartz-rock,entity-operate,quartz-rock,False,,False,False,1.5061277808213448e-30,1.279919413681062e-30
470,284,__pr_graph_lp_or_to_or_and__: 777:item: log --> energy-source-burner: chemical__biomass__jerry_2_1,,,True,item: log --> energy-source-burner: chemical__biomass__jerry_2_1,False,False,1.3589709418643476e-30,1.1548643569751263e-30
471,449,entity-operate: geothermal-crack,entity-operate,geothermal-crack,False,,False,False,-9.7983685168955119e-31,8.3267317998322581e-31
472,473,entity-operate: pipe,entity-operate,pipe,False,,False,False,-7.9374270094007008e-31,6.745288848246437e-31
473,446,entity-operate: dry-tree,entity-operate,dry-tree,False,,False,False,-7.2231114249670937e-31,6.1382577612075095e-31
474,471,entity-operate: phosphate-rock,entity-operate,phosphate-rock,False,,False,False,6.4953924453453897e-31,5.5198363619195588e-31
475,509,entity-operate: uranium-ore,entity-operate,uranium-ore,False,,False,False,-6.1232559460638881e-31,5.2035917935404028e-31
476,498,entity-operate: tree-05,entity-operate,tree-05,False,,False,False,6.1188530858489515e-31,5.1998502077755168e-31
477,496,entity-operate: tree-03,entity-operate,tree-03,False,,False,False,5.8139303044656857e-31,4.9407243935280449e-31
478,444,entity-operate: dead-tree-desert,entity-operate,dead-tree-desert,False,,False,False,-5.7546766238239802e-31,4.890370142613147e-31
479,472,entity-operate: phosphate-rock-02,entity-operate,phosphate-rock-02,False,,False,False,-5.6684687038681754e-31,4.8171099639154767e-31
480,455,entity-operate: medium-worm-turret,entity-operate,medium-worm-turret,False,,False,False,5.415885324641652e-31,4.6024625915199587e-31
481,506,entity-operate: tree-09-brown,entity-operate,tree-09-brown,False,,False,False,5.3173535356538357e-31,4.518729490520084e-31
482,458,entity-operate: niobium,entity-operate,niobium,False,,False,False,-5.2636558278547527e-31,4.4730967496880015e-31
483,487,entity-operate: stone,entity-operate,stone,False,,False,False,5.1634347643448342e-31,4.3879280897113863e-31
484,428,entity-operate: big-rock,entity-operate,big-rock,False,,False,False,-5.1142312780868429e-31,4.3461145742286231e-31
485,435,entity-operate: burner-inserter,entity-operate,burner-inserter,False,,False,False,4.7019830750218388e-31,3.9957827597060279e-31
486,495,entity-operate: tree-02-red,entity-operate,tree-02-red,False,,False,False,4.6987283309379614e-31,3.9930168521963436e-31
487,482,entity-operate: small-electric-pole,entity-operate,small-electric-pole,False,,False,False,4.4933659314917175e-31,3.8184982454496888e-31
488,502,entity-operate: tree-08,entity-operate,tree-08,False,,False,False,-4.3301520913500005e-31,3.6797978209313254e-31
489,474,entity-operate: pipe-to-ground,entity-operate,pipe-to-ground,False,,False,False,4.2969263443157042e-31,3.6515623158136514e-31
490,479,entity-operate: regolites,entity-operate,regolites,False,,False,False,-4.1717062927662525e-31,3.5451493161989143e-31
491,507,entity-operate: tree-09-red,entity-operate,tree-09-red,False,,False,False,-3.6843612574190889e-31,3.1309996139991725e-31
492,477,entity-operate: raw-coal,entity-operate,raw-coal,False,,False,False,3.6290970189042706e-31,3.0840356228570378e-31
493,431,entity-operate: biter-spawner,entity-operate,biter-spawner,False,,False,False,3.6269444050863468e-31,3.0822063144472187e-31
494,457,entity-operate: nickel-rock,entity-operate,nickel-rock,False,,False,False,-3.612646766415011e-31,3.0700560669461332e-31
495,476,entity-operate: rare-earth-bolide,entity-operate,rare-earth-bolide,False,,False,False,-3.251907507874965e-31,2.7634969647492891e-31
496,440,entity-operate: copper-ore,entity-operate,copper-ore,False,,False,False,3.2073347873441348e-31,2.7256187109553919e-31
497,461,entity-operate: ore-aluminium,entity-operate,ore-aluminium,False,,False,False,-3.1984479518819155e-31,2.7180666072234755e-31
498,329,__pr_graph_lp_or_to_or_and__: 888:fluid-temperature: water: 15 --> fluid-temperature-range: water: 15: 15:noncoproduct-route,,,True,fluid-temperature: water: 15 --> fluid-temperature-range: water: 15: 15,False,False,3.188744558340236e-31,2.7098205859159009e-31
499,464,entity-operate: ore-lead,entity-operate,ore-lead,False,,False,False,3.1255438771012588e-31,2.6561121423789773e-31
500,499,entity-operate: tree-06,entity-operate,tree-06,False,,False,False,2.7996090805426751e-31,2.3791301498670129e-31
501,454,entity-operate: lead-rock,entity-operate,lead-rock,False,,False,False,2.7739793423807907e-31,2.3573497937387508e-31
502,511,entity-operate: volcanic-pipe,entity-operate,volcanic-pipe,False,,False,False,2.7704952310342685e-31,2.3543889680979089e-31
503,512,entity-operate: wooden-chest,entity-operate,wooden-chest,False,,False,False,-2.7651182712845902e-31,2.3498195847707905e-31
504,497,entity-operate: tree-04,entity-operate,tree-04,False,,False,False,2.6877559420504971e-31,2.2840764596952383e-31
505,470,entity-operate: ore-zinc,entity-operate,ore-zinc,False,,False,False,2.6754653790844714e-31,2.2736318411538371e-31
506,504,entity-operate: tree-08-red,entity-operate,tree-08-red,False,,False,False,-2.4985818884100406e-31,2.1233148384687031e-31
507,441,entity-operate: copper-rock,entity-operate,copper-rock,False,,False,False,2.4661593433855233e-31,2.095761900832032e-31
508,483,entity-operate: small-worm-turret,entity-operate,small-worm-turret,False,,False,False,-2.2862183734443633e-31,1.9428466278538689e-31
509,452,entity-operate: iron-rock,entity-operate,iron-rock,False,,False,False,2.1660674590740301e-31,1.8407414214880075e-31
510,447,entity-operate: fish,entity-operate,fish,False,,False,False,-2.1587405084505088e-31,1.8345149203467742e-31
511,505,entity-operate: tree-09,entity-operate,tree-09,False,,False,False,-2.0730028840173779e-31,1.7616544025393033e-31
512,434,entity-operate: borax,entity-operate,borax,False,,False,False,-2.0553476616128727e-31,1.7466508535734513e-31
513,467,entity-operate: ore-quartz,entity-operate,ore-quartz,False,,False,False,-2.0548127578555293e-31,1.7461962880895708e-31
514,493,entity-operate: tree-01,entity-operate,tree-01,False,,False,False,-1.9647494729500836e-31,1.6696597894748879e-31
515,430,entity-operate: big-worm-turret,entity-operate,big-worm-turret,False,,False,False,-1.9259689710893924e-31,1.6367038093543134e-31
516,503,entity-operate: tree-08-brown,entity-operate,tree-08-brown,False,,False,False,-1.9220189528919548e-31,1.6333470523515731e-31
517,451,entity-operate: iron-ore,entity-operate,iron-ore,False,,False,False,-1.7389073896286783e-31,1.4777373838529637e-31
518,456,entity-operate: molybdenum-ore,entity-operate,molybdenum-ore,False,,False,False,1.6755837800984234e-31,1.4239244748726025e-31
519,442,entity-operate: dead-dry-hairy-tree,entity-operate,dead-dry-hairy-tree,False,,False,False,1.3997976346068964e-31,1.1895592064447267e-31
520,492,entity-operate: transport-belt,entity-operate,transport-belt,False,,False,False,1.352666583892342e-31,1.1495068632339481e-31
521,490,entity-operate: tin-rock,entity-operate,tin-rock,False,,False,False,-1.3061064423457141e-31,1.1099396831924455e-31
522,450,entity-operate: huge-rock,entity-operate,huge-rock,False,,False,False,1.2015686423513385e-31,1.021102626084752e-31
523,427,entity-operate: behemoth-worm-turret,entity-operate,behemoth-worm-turret,False,,False,False,-1.051831124201204e-31,8.9385448759529203e-32
524,426,entity-operate: antimonium,entity-operate,antimonium,False,,False,False,1.0115588887482678e-31,8.5963082035741773e-32
525,481,entity-operate: seaweed,entity-operate,seaweed,False,,False,False,9.2721721752343529e-32,7.8795659473221923e-32
526,429,entity-operate: big-sand-rock,entity-operate,big-sand-rock,False,,False,False,-9.2305490435266946e-32,7.8441942776609477e-32
527,463,entity-operate: ore-chromium,entity-operate,ore-chromium,False,,False,False,-8.6306599900314522e-32,7.3344037702415806e-32
528,445,entity-operate: dry-hairy-tree,entity-operate,dry-hairy-tree,False,,False,False,8.5745386075055062e-32,7.2867113712750024e-32
529,439,entity-operate: coal-rock,entity-operate,coal-rock,False,,False,False,7.7430584514656071e-32,6.5801128957952765e-32
530,501,entity-operate: tree-07,entity-operate,tree-07,False,,False,False,-7.5656035369965444e-32,6.4293102926069834e-32
531,494,entity-operate: tree-02,entity-operate,tree-02,False,,False,False,-7.5096098798946592e-32,6.3817264357255828e-32
532,425,entity-operate: aluminium-rock,entity-operate,aluminium-rock,False,,False,False,6.9574610290092043e-32,5.9125059336612814e-32
533,485,entity-operate: spitter-spawner,entity-operate,spitter-spawner,False,,False,False,-6.3464849664794763e-32,5.3932935974412029e-32
534,514,entity-operate: zinc-rock,entity-operate,zinc-rock,False,,False,False,6.3462057281340925e-32,5.3930562984657421e-32
535,469,entity-operate: ore-titanium,entity-operate,ore-titanium,False,,False,False,-6.1607099817048664e-32,5.2354205320764181e-32
536,480,entity-operate: salt-rock,entity-operate,salt-rock,False,,False,False,-5.6648478286011683e-32,4.8140329152030272e-32
537,432,entity-operate: bitumen-seep,entity-operate,bitumen-seep,False,,False,False,4.9532827203019123e-32,4.2093392047439962e-32
538,491,entity-operate: titanium-rock,entity-operate,titanium-rock,False,,False,False,-4.5467447142716522e-32,3.8638599612540711e-32
539,468,entity-operate: ore-tin,entity-operate,ore-tin,False,,False,False,4.5183889414315229e-32,3.8397629990904622e-32
540,478,entity-operate: ree,entity-operate,ree,False,,False,False,-2.7694311005729086e-32,2.3534846615353933e-32
541,508,entity-operate: underground-belt,entity-operate,underground-belt,False,,False,False,2.0045904318246204e-32,1.70351695443295e-32
542,460,entity-operate: oil-sand,entity-operate,oil-sand,False,,False,False,-1.9157986245867871e-32,1.628060967692201e-32
543,465,entity-operate: ore-nexelit,entity-operate,ore-nexelit,False,,False,False,1.4420879540590616e-32,1.2254978575783525e-32
544,462,entity-operate: ore-bioreserve,entity-operate,ore-bioreserve,False,,False,False,-1.082918281640502e-32,9.2027260219976388e-33
545,500,entity-operate: tree-06-brown,entity-operate,tree-06-brown,False,,False,False,6.2759358585504975e-33,5.3333404022302769e-33
546,466,entity-operate: ore-nickel,entity-operate,ore-nickel,False,,False,False,5.4913367704336219e-33,4.6665818325891218e-33
547,489,entity-operate: sulfur-patch,entity-operate,sulfur-patch,False,,False,False,1.7216316329424516e-33,1.463056307884314e-33
548,443,entity-operate: dead-grey-trunk,entity-operate,dead-grey-trunk,False,,False,False,4.184518444358651e-34,3.5560371849195836e-34
549,438,entity-operate: chromium-rock,entity-operate,chromium-rock,False,,False,False,-1.4756385630879029e-34,1.2540094330128213e-34
550,510,entity-operate: uranium-rock,entity-operate,uranium-rock,False,,False,False,-1.4598982562432045e-34,1.2406331945791608e-34
551,359,base: ,base,,False,,False,False,-0,0
552,360,cost-unit: ,cost-unit,,False,,False,False,-0,0
553,362,energy-source-void: ,energy-source-void,,False,,False,False,-0,0
554,515,fluid-ingredient: ,fluid-ingredient,,False,,False,False,-0,0
555,520,item-ingredient: ,item-ingredient,,False,,False,False,-0,0
556,521,logic-and: ,logic-and,,False,,False,False,-0,0
557,523,orand: ,orand,,False,,False,False,-0,0
558,555,room-autoplace: planet: nauvis,room-autoplace,planet: nauvis,False,,False,False,-0,0
559,556,satisfied: ,satisfied,,False,,False,False,-0,0
560,557,slot: ,slot,,False,,False,False,-0,0
561,558,starting-character: ,starting-character,,False,,False,False,-0,0
562,559,starting-planet: ,starting-planet,,False,,False,False,-0,0
563,560,technology: automation-science-pack,technology,automation-science-pack,False,,False,False,-0,0
564,561,technology: steam-power,technology,steam-power,False,,False,False,-0,0
565,562,tile-build-item-place-as-tile: stone-path__stone-brick,tile-build-item-place-as-tile,stone-path__stone-brick,False,,False,False,-0,0
566,565,tile-mine: stone-path,tile-mine,stone-path,False,,True,False,-0,0
567,566,true: ,true,,False,,False,False,-0,0
